formula,CID,CAS,color,boiling_point_text,Tb_C_pubchem,melting_point_text,Tm_C_pubchem,solubility,density_text,density_g_per_cm3_pubchem,vapor_pressure_text,vapor_pressure_mmHg_pubchem,decomposition_text,stability,Td_C_pubchem,flash_point_text,flash_point_C_pubchem
SiCl4,24816.0,10026-04-7,"Colorless, clear, mobile, fuming liquid",57Â °C,57.0,-68Â °C,-68.0,"Miscible with benzene, ether, chloroform, petroleum ether; Miscible in all proportions with carbon tetrachloride, tin tetrachloride, titanium chloride, sulfur mono- & dichlorides; Solubility in water: reaction",Relative vapor density  (air = 1): 5.9,1.0,"Vapor pressure, kPa at 20Â °C: 26",236.0,"When heated to decomp, it emits toxic fumes of /hydrogen chloride./",,,,
Si3N4,3084099.0,12033-89-5,,,,,,,,,,,,,,,
BCl3,25135.0,10294-34-5,Gas at room temperature,12.5Â °C,12.5,-107Â °C,-107.0,Solubility in water: reaction,Relative vapor density  (air = 1): 4.03,1.0,"Vapor pressure, kPa at 20Â °C: 150",1250.0,"The toxic action of the halogenated borons is considerably influenced by their decomposition products (hydrofluoric acid-, fluoboric acid-, hydrochloric acid-). /Halogenated borons/",Trialkylboranes are stable indefinitely when stored under an inert atmosphere. /Trialkylboranes/,,,
B2Cl4,139548.0,13701-67-2,,,,,,,,,,,,,,,
B2S3,123269.0,12007-33-9,,,,,,,,,,,,,,,
BN,66227.0,10043-11-5,,,,,,,,,,,,,,,
Al2S3,159369.0,1302-81-4,,,,,,,,,,,,,,,
Al2(SO4)3,24850.0,10043-01-3,"White, lustrous crystals, pieces, granules, or powder",1600,1600.0,770 °C (with decomposition),770.0,"86.9; Freely soluble in water, insoluble in ethanol; Soluble in 1 part water.; Soluble in water, insoluble in ethanol.; Solubility in water: good",2.71 g/cmÂ³,2.71,Esentially zero.,,770Â °C,"Stable in air.; Low melting solids or colorless, volatile liquids. /Alkylaluminum halides/; Less sensitive than trialkylaminums to oxidation upon exposure to air. /Alkylaluminum halides/",770.0,,
ZnO,14806.0,174846-84-5,,,,,,,,,,,,,,,
ZnF2,24551.0,573640-07-0,COLORLESS MONOCLINIC OR TRICLINIC CRYSTALS; TETRAGONAL NEEDLES (RUTILE LATTICE) OR WHITE CRYSTALLINE MASS,"1,500 °C",500.0,872 °C,872.0,"1.516 G SOL IN 100 ML WATER; BECOMES ANHYDR AT 100 °C /TETRAHYDRATE/; INSOL IN ALCOHOL & AMMONIA; SOL IN HOT ACID; SLIGHTLY SOL IN AQ HYDROFLUORIC ACID; SOL IN AMMONIUM HYDROXIDE, HYDROCHLORIC & NITRIC ACIDS; 1.62 G/100 CC WATER AT 20 °C",4.9 g/cu cm,4.9,,,When heated to decomp it emits toxic fumes of /hydrogen fluoride & zinc oxide/.,,,,
ZnS,54104351.0,,,,,,,,,,,,,,,,
ZnSO4,24424.0,7733-02-0,"Colorless, orthorhombic crystals",,,680 °C (decomposes),680.0,"Solubility: 54.480 lb/100 lb water /Heptahydrate/; 57.7 g/100 g water at 25 °C; In water solubility, 101 g/100 g water at 70 °C; Solubility in water, g/100ml at 20Â °C: 22 (good)",3.8 g/cmÂ³,3.8,,,680Â °C,There is ... /a/ tendency for solutions of zinc sulfate to form slight cloudiness due to seperation of basic salt formed through partial hydrolysis.,680.0,,
ZnCO3,129627956.0,,,,,,,,,,,,,,,,
CuO,14829.0,163686-95-1,,,,,,,,,,,,,,,
Cu2O,10313194.0,1308-76-5,,,,,,,,,,,,,,,
CuF2,522688.0,7789-19-7,,,,,,,,,,,,,,,
CuCl2,24014.0,7447-39-4,"Yellow to brown, microcrystalline powder; Yellow-brown, monoclinic crystals",993 °C DECOMP TO CUPROUS CHLORIDE,993.0,630 °C (extrapolated),630.0,"Green to blue powder or orthorhombic, bipyramidal crystals; deliquescent in moist air, efflorescent in dry air; water loss occurs from 70-200 °C; mp 100 °C; ... freely sol in water, methanol, ethanol; moderately sol in acetone, ethyl acetate; slightly sol in ether. The aq soln is acid to litmus; pH of 0.2 molar soln 3.6; /Dihydrate/; Soluble in acetone.; SOL IN HOT SULFURIC ACID.; 70.6 g/100 cc water @ 0 °C, 107.9 g/100 cc water @ 100 °C; 53 g/100 cc alcohol @ 15 °C; For more Solubility (Complete) data for COPPER(II) CHLORIDE (6 total), please visit the HSDB record page.",3.39 @ 25 °C/4 °C,3.39,,,993 °C DECOMP TO CUPROUS CHLORIDE,Forms dihydrate in moist air.,993.0,,
CuSO4,24462.0,7758-98-7,Grayish-white to greenish-white rhombic crystals or amorphous powder /SRP: somewhat wet/; White when dehydrated; Gray to white and has rhombic crystals,650 °C (decomp to cupric oxide),650.0,590 °C decomp,590.0,"Very soluble in hot water, soluble cold water; Soluble in methanol (1.1 g/100 ml), but insoluble in ethanol; it readily dissolves in aqueous ammonia and excess alkali metal cyanides, with the formation of complexes; In water, 243 g/l @ 0 °C.; 75.4 g/100 cc water @ 100 °C; 1.04 g/100 cc methanol @ 18 °C; Solubility in water, g/l at 20Â °C: 203 (freely soluble)",3.6 g/cmÂ³,3.6,,,650Â °C. This produces toxic fumes of sulfur oxides (see ICSC 0074). Reacts violently with hydroxylamine. This generates fire hazard. Reacts with magnesium powder. This produces flammable/explosive gas (hydrogen - see ICSC 0001). Reacts with acetylene and potassium chlorate. This generates explosion hazard. Attacks some metals in the presence of water.,,650.0,,
Cu2SO4,134737.0,17599-81-4,,,,,,,,,,,,,,,
CuCN,11009.0,544-92-3,"White monoclinic prisms or green orthorhombic crystals; White to cream-colored powder, colorless or dark green orthorhombic crystals or dark red monoclinic crystals; Pale cream powder",Decomposes,,474 °C,474.0,"Practically insol in water, alcohol, cold dil acids; sol in ammonium hydroxide, sol in alkali cyanide solutions because of formation of stable cyanocuprate(I) ions; Soluble in potassium cyanide solution; insoluble in water and ethanol; Soluble in sodium ... cyanide, hydrochloric acid ... .",2.9,2.9,,,When heated to decomposition it emits very toxic cyanide and nitrogen oxide fumes.,,,,
NiF2,24825.0,10028-18-9,Yellowish to green tetragonal crystals (Rutile type); A light yellow colored powder,,,Sublimes at 1000 °C,1000.0,"Insoluble in ethanol and ethyl ether; Insol in alcohol, ether; 4 g/100 ml water @ 25 °C; Sol in aq hydrogen fluoride; insol in anhydrous hydrogen fluoride",4.72,4.72,,,Toxic gases and vapors (such as nickel carbonyl) may be released ... in the decomp of nickel cmpd. /Nickel & sol nickel cmpd/,,,,
NiCl2,24385.0,7718-54-9,Yellow scales; ... golden yellow; Brown scales; Golden yellow,Sublimes @ 973 °C; deliquesces,973.0,1001 °C,1001.0,"Green, deliquescent crystals or crystal powder, monoclinic, structure reported to be trans-(NiCl2(H2O)4.2H2O, sol in about one part water, in alcohol /Hexahydrate/; Green scales, sol in water, alcohol, and ammonium hydroxide /Hexahydrate/; Soluble in ethanol and ammonium hydroxide, insoluble in ammonia; 64.2 g/100 cc water @ 20 °C; 87.6 g/100 cc water @ 100 °C; SOL IN ETHANOL & AMMONIUM HYDROXIDE; For more Solubility (Complete) data for NICKEL CHLORIDE (8 total), please visit the HSDB record page.",3.51,3.51,1 mm Hg at 671 °C (solid),1.0,Toxic gases and vapors (such as nickel carbonyl) may be released ... in the decomp of nickel cmpd. /Nickel & sol nickel cmpd/,,,,
NiS,120273.0,516-12-1,,,,,,,,,,,,,,,
Ni3S2,25199732.0,12035-72-2,Hexagonal crystals,,,790Â °C,790.0,"less than 1 mg/mL at 70.7 °F (NTP, 1992); INSOL IN COLD WATER; SOL IN NITRIC ACID; Solubility in water, mg/l at 37Â °C: 517 (practically insoluble)",Relative density (water = 1): 5.82,1.0,,,Toxic gases and vapors (such as nickel carbonyl) may be released ... in the decomp of nickel cmpd. /Nickel & sol nickel cmpd/,,,,
Fe2O3,14833.0,1317-60-8,"Brilliant black to blackish red or brick red mineral, brown to cherry red streak and metallic to dull luster /Hematite, red/; Red-brown hexagonal crystals",,,1565 °C,1565.0,"Insol in water; sol in hydrochloric acid, sulfuric acid; slightly sol in nitric acid",5.25,5.25,,,,,,,
FeF2,522690.0,,,,,,,,,,,,,,,,
FeSO4,24393.0,7720-78-7,"White orthorhombic crystals, hygroscopic",> 300 °C,300.0,64,64.0,25.6; White to yellow crystalline powder. Sol in water. Loses water @ about 300 °C; decomp @ higher temp. /Ferrous sulfate monohydrate/; Soluble in water.,"Density 2.970 at 25 °C; off-white, monoclinic crystals. /Ferrous sulfate monohydrate/",2.97,,,When heated to decomposition it emit toxic fumes of /sulfur oxide/.,"In moist air, ferrous sulfate rapidly oxidizes and becomes coated with brownish-yellow ferric sulfate... . The rate of oxidation is increased by the addition of alkali or by exposure to light.",,,
FePO4,24861.0,10045-86-0,,,,,,,"White, grayish-white, or light pink, orthorhombic or monoclinic crystals or amorphous powder. Loses water above 140 °C; density: 2.8. Practically insoluble in water; readily soluble in hydrochloric acid; slowly soluble in nitric acid. /Dihydrate/",,,,,,,,
FeCO3,115133.0,14476-16-5,,,,,,,,,,,,,,,
ZnFe2O4,11831558.0,12063-19-3,,,,,,,,,,,,,,,
CuFe2O4,16217788.0,37220-43-2,,,,,,,,,,,,,,,
MnO,444604.0,,,,,,,,,,,,,,,,
MnO2,14801.0,1313-13-9,,,,,,Solubility in water: none,5.0 g/cmÂ³,5.0,,,535Â °C,,535.0,,
Mn2O3,131675775.0,,,,,,,,,,,,,,,,
Mn3O4,160959.0,11129-60-5,,,,,,,,,,,,,,,
MnF2,24528.0,,,,,,,,,,,,,,,,
MnCl2,24480.0,,,,,,,,,,,,,,,,
MnS,672296.0,1485-00-3,,,,,,,,,,,,,,,
MnSO4,24580.0,7785-87-7,White orthorhombic crystals,Decomp @ 850 °C,850.0,700 °C,700.0,"Pale red, slightly efflorescent crystals; sol in about 1 part cold, 0.6 part boiling water; insol in alcohol; loses all water @ 400-450 °C. /Monohydrate/; 52 G/100 CC OF WATER @ 5 °C; 70 G/100 CC OF WATER @ 70 °C; SOL IN ALCOHOL; INSOL IN ETHER; Slightly soluble in methanol.","Translucent, pale-rose-red, efflorescent prisms; density 2.107 g/cu cm; MP 30 °C; decomposes at 850 °C; soluble in water; insoluble in alcohol. /Tetrahydrate/",2.107,,,When heated to decomposition it emits toxic fumes of /sulfur oxides/.,,,,
CrO2,15972932.0,12018-01-8,,,,,,,,,,,,,,,
CrO3,14915.0,1333-82-0,"Dark red, bipyramidal prismatic crystals, flakes or granular powder; Brown solid; Flake, ground powder form; Dark-red ... flakes or powder [Note: Often used in an aqueous solution (H2CrO4)]",482 °F (Decomposes),250.0,387 °F (Decomposes),197.22,"Very soluble (NTP, 1992); Solubility in water, 61.7 g/100 cc solution at 0 °C; 67.45 g/100 cc solution at 100 °C; In water, 169 g/100 g water at 25 °C; In water, 1667 g/L (EU Method A.6 (Water Solubility)); In water, 167.299 lb/100 lb water at 70 °F; Soluble in ethyl alcohol, ethyl ether, sulfuric and nitric acids; For more Solubility (Complete) data for CHROMIC TRIOXIDE (6 total), please visit the HSDB record page.; Solubility in water, g/100ml: 61.7 (good); 63%",2.70 (CrO3),2.7,Very low,,250Â °C,Stable under recommended storage conditions.; Trivalent chromium is the most stable oxidation state and hexavalent chromium is the second most stable state. /Trivalent and hexavalent chromium/,250.0,,
CrF3,522687.0,7788-97-8,,,,,,,,,,,,,,,
CrCl2,24871.0,10049-05-5,"Lustrous needles or fused, fibrous mass; White deliquescent needles; Gives blue solution when dissolved in water",1300Â °C,1300.0,824Â °C,824.0,Very soluble in water; Insoluble in alcohol and ether; Solubility in water: very good,2.8 g/cmÂ³,2.8,Essentially zero (except water of crystallization),,When heated to decomposition it emits toxic vapors of /chromium/.,"STABLE IN DRY AIR BUT OXIDIZES RAPIDLY IF MOIST; Hygroscopic; above 38 °C changes to isomeric green modification; loses 1 H2O, forming trihydrate at 51 °C; absorbs O2 even when dry, forming greenish-black oxychloride; on standing in solution it is oxidized by water with liberation of hydrogen. /Tetrahydrate/; Stable under recommended storage conditions.",,,
CrCl3,24808.0,10025-73-7,"Violet, lustrous, hexagonal, crystalline scales; Red-violet crystals; Bright purple plates",1300 °C (decomposes),1300.0,1152Â °C,1152.0,"Insoluble in water; Insoluble in alcohol; Slightly soluble in hot water. Insoluble in cold water, alcohol, acetone, methanol, and ether; Addition of a trace of chromium dichloride (CrCl2) or wetting agent aid in rapid solution in water, alcohol; Solubility in water: none",2.87 g/cmÂ³,2.87,,,1300Â °C,Stable under recommended storage conditions; Extremely unstable,1300.0,,
CrN,6438343.0,262-76-0,,,,,,,,,,,,,,,
Ti2O3,123111.0,1344-54-3,,,,,,,,,,,,,,,
TiF4,121824.0,7783-63-3,,,,,,,,,,,,,,,
TiCl2,66228.0,10049-06-6,,,,,,,,,,,,,,,
TiCl3,62646.0,7705-07-9,,,,,,,,,,,,,,,
TiCl4,24193.0,7550-45-0,Colorless liquid; Yellow liquid,136.4Â °C,136.4,-24.1Â °C,-24.1,"Sol in cold water, alcohol; Sol in dilute hydrochloric acid; Sol in most organic solvents; decomposed by water; Solubility in water: reaction",Relative vapor density  (air = 1): 6.5,1.0,"Vapor pressure, kPa at 21.3Â °C: 1.3",1520.0,When heated to decomposition it emits toxic fumes of /hydrogen chloride/.,EVOLVES DENSE WHITE FUMES; CONCENTRATED AQ SOLN ARE STABLE,,,
TiS,138754.0,,,,,,,,,,,,,,,,
TiN,5352426.0,7440-31-5,"Cubic (gray); tetragonal (white); rhomboidal (tin brittle); Almost silver-white, lustrous soft, very malleable & ductile metal; only slightly tenacious; easily powdered; when bent emits crackling ""tin cry""; brittle @ 200 °C; brinell hardness 2.9; at -40 °C crumbles to gray amorphous powder (gray tin); slowly changes back above 20 °C to white tin",4545 °F,2507.22,449 °F,231.67,"Insoluble (NIOSH, 2024); SOL IN HYDROCHLORIC ACID, SULFURIC ACID, AQUA REGIA, ALKALI; SLIGHTLY SOL IN DIL NITRIC ACID; INSOL IN WATER; Solubility in water: none; Insoluble",7.28,7.28,0 mmHg (approx),0.0,,"STABLE IN AIR, BUT WHEN IN POWDER FORM IT OXIDIZES, ESP IN PRESENCE OF MOISTURE; stablilizes <18 °C",,,
TiB2,11412340.0,,,,,,,,,,,,,,,,
ZrO2,62395.0,1314-23-4,,,,,,,,,,,,,,,
ZrF4,82216.0,13842-94-9,,,,,,,,,,,,,,,
ZrCl4,24817.0,11126-30-0,Lustrous monoclinic crystals; White monoclinic crystals; hygroscopic,331 °C,331.0,437 °C (triple point),437.0,"Decomposed by water to form ZrOCl2 and HCl; Reacts with water; Soluble in alcohol, ether",2.80 g/cu cm,2.8,Vapor pressure (solid): 1 Pa at 117 °C; 10 Pa at 146 °C; 100 Pa at 181 °C; 1 kPa at 222 °C; 10 kPa at 272 °C; 100 kPa at 336 °C,0.007501,When heated to decomposition it emits toxic fumes of /hydrogen chloride/.,Stable under recommended storage conditions.; ...Forms hydrochloric acid vapor and gives off fumes in moist air.,,,
Zr(SO4)2,26793.0,14644-61-2,White crystals,,,410 °C,410.0,"Crystalline solid. Converted to monohydrate at 100 °C, to anhydrous form at 380 °C; solubility in water at 18 °C: 52.5 g/100 g solution. A solution at room temperature deposits a solid on standing. The more dilute the solution the more rapid the decomposition /Zirconium sulfate tetrahydrate/; Soluble in water; Slightly soluble in ethanol",White crystalline powder; bulk density: 70 lb/cu ft; decomposes to monohydrate at 100 °C; soluble in water; slightly soluble in alcohol; insoluble in hydrocarbons; aqueous solutions are strongly acidic; aqueous solutions will precipitate potassium ions and amino acids from solution; aqueous solutions are decomposed by bases and heat. /Zirconium sulfate tetrahydrate/,2.8,,,Aqueous solutions are ... decomposed by bases and heat.,"Solution at room temperature deposits a solid on standing. The more dilute the solution, the more rapid the deposition. /Zirconium sulfate tetrahydrate/; When heated to 70 °C for 2 hours ... zirconium sulfate solutions ... were considered unstable at metal concentrations below 0.64 M or at sulfur trioxide:zirconium oxide (SO3:ZrO2) ratios < 1.2. /Zirconium sulfate solutions/",,,
ZrB2,9812765.0,12045-64-6,,,,,,,,,,,,,,,
YF3,448671.0,,,,,,,,,,,,,,,,
YCl3,10198055.0,10361-92-9,,,,,,,,,,,,,,,
YC2,24951652.0,,,,,,,,,,,,,,,,
CeO2,73963.0,1306-38-3,,,,,,,,,,,,,,,
CeF3,146157902.0,199727-62-3,,,,,,,,,,,,,,,
CeCl3,161282.0,7790-86-5,,,,,,,,,,,,,,,
CeS,8809.0,140-57-8,Colorless liquid; Clear light-colored oil,BP: 195 °C at 2 mm Hg,195.0,-31.7 °C,-31.7,"Practically insol in water; miscible with many organic solvents; solubility in petroleum oils decr rapidly with decr temperatures; > 10% in ethanol; > 10% in benzene; > 10% in acetone; For more Solubility (Complete) data for ARAMITE (7 total), please visit the HSDB record page.",DENSITY: 1.145-1.162 /TECHNICAL PRODUCT/,1.145,0.00000022 [mmHg],,"WHEN HEATED TO DECOMPOSITION, EMITS HIGHLY TOXIC FUMES OF /HYDROGEN CHLORIDE AND SULFUR OXIDES/.",STABILITY IN SOLN DECREASES IN STRONG ACID OR ALKALI; TECHNICAL MATERIAL IS DECOMPOSED BY SUNLIGHT AND DEVELOPS ODOR OF SULFUR DIOXIDE. /TECHNICAL MATERIAL/,,,
Ce2S3,159394.0,12014-93-6,,,,,,,,,,,,,,,
CeN,446570.0,27920-90-7,,,,,,,,,,,,,,,
La2O3,3280778.0,,,,,,,,,,,,,,,,
LaCl3,64735.0,10099-58-8,,,,,,,,,,,,,,,
La2S3,165996.0,12031-49-1,,,,,,,,,,,,,,,
LaC2,123280.0,12071-15-7,,,,,,,,,,,,,,,
La2(CO3)3,168924.0,587-26-8,White powder,,,,,Practically insoluble.; Soluble in acids; Practically insoluble in water,2.6,2.6,,,,,,,
MgS,445507.0,,,,,,,,,,,,,,,,
MgSO4,24083.0,7487-88-9,Colorless crystalline solid; Orthorhombic crystals; Opaque powder,,,Decomposes @ 1124 °C,1124.0,"710; SOL IN 2 PARTS H2O AT 20 °C /TRIHYDRATE/; In ether, 1.16 g/100 ml at 18 °C; insoluble in acetone; soluble in alcohol and glycerin; Soluble in glycerol; In water, 360 g/l @ 20 °C; Solubility in water, 20 g/100 ml at 0 °C, 73.8 g/100 ml at 100 °C.; Solubility in water, g/100ml at 20Â °C: 30 (good)",2.66 g/cmÂ³,2.66,,,1124Â °C,"FOLLOWING DATE OF MFR, MGSO4 INJECTIONS HAVE EXPIRATION DATE OF 18 MO TO 5 YR, DEPENDING ON MFR & PACKAGING /HEPTAHYDRATE/; ON EXPOSURE TO DRY AIR AT ORDINARY TEMP IT LOSES ABOUT 1 H2O; AT 70-80 °C LOSES ABOUT 4H2O; AT 100 °C LOSES 5H2O; AT 120 °C LOSES 6 H2O, RAPIDLY REABSORBING WATER WHEN EXPOSED TO MOIST AIR; LOSES THE LAST MOL OF WATER AT ABOUT 250 °C /HEPTAHYDRATE/",1124.0,,
MgCO3,11029.0,546-93-0,"Light, bulky, white powder",Decomposes,2024.0,662 °F (Decomposes),350.0,"0.01 % (NIOSH, 2024); 0.1g/L; Practically insoluble both in water or ethanol; White, friable masses or bulky, white powder; at about 700 °C is converted to MgO; sol in  about 3,300 parts CO2-free water; more sol in water containing CO2; sol in dilute acids with  effervescence; insol in alcohol /Magnesium carbonate hydroxide/; 0.0106 G/100 CC COLD WATER; SOL IN ACID, AQ CARBON DIOXIDE; INSOL IN ACETONE, AMMONIA; Insoluble in alcohol; soluble in acids; Solubility in water, g/100ml at 20Â °C: 0.01 (very poor); 0.01%",2.96,2.96,0 mmHg (approx),0.0,350Â °C,STABLE IN AIR,350.0,,
CaO2,6093208.0,1305-62-0,"Crystals or soft granules or powder; Soft, hexagonal crystals; Rhombic, trigonal, colorless crystals; Soft, white crystalline powder; White powder [Note: Readily absorbs CO2 from the air to form calcium carbonate]",Decomposes,2024.0,1076 °F (Decomposes) (Loses H2O),580.0,"0.2 % at 32 °F (NIOSH, 2024); Slightly soluble in water. Insoluble in ethanol. Soluble in glycerol; Solubility in water is decreased by the presence of fixed alkali hydroxides.; In water, 1730 mg/L at 20 °C; In water, 0.160 g/100 g water at 20 °C; Very slightly soluble in boiling water. Insoluble in alcohol.; Soluble in acid; Soluble in glycerol, sugar or ammonium chloride solution; soluble in acids with evolution of much heat; Solubility in water: none; (32 °F): 0.2%",2.24,2.24,0 mmHg (approx),0.0,580Â °C,Readily absorbs carbon dioxide from air forming calcium carbonate.,580.0,/Calcium Hydroxide is/ non flammable,
CaSO4,24497.0,7778-18-9,"NATURAL ANHYDRITE CRYSTALS ARE COLORLESS, RHOMBIC OR MONOCLINIC; NATURAL ANHYDRITE CRYSTALS ARE ORTHORHOMBIC, COLOR VARIES (WHITE WITH BLUE, GRAY OR REDDISH TINGE, OR BRICK RED); INSOL ANHYDRITE HAS SAME CRYSTAL STRUCTURE AS MINERAL ANHYDRITE; SOL ANHYDRITE IS OBTAINED IN GRANULAR OR POWDER FORM; For more Color/Form (Complete) data for CALCIUM SULFATE (7 total), please visit the HSDB record page.",Decomposes,2024.0,2840 °F (Decomposes),1560.0,"0.3 % (NIOSH, 2024); Slightly soluble in water, insoluble in ethanol; For more Solubility (Complete) data for CALCIUM SULFATE (6 total), please visit the HSDB record page.; For more Solubility (Complete) data for CALCIUM SULFATE (6 total), please visit the HSDB record page.; For more Solubility (Complete) data for CALCIUM SULFATE (6 total), please visit the HSDB record page.; For more Solubility (Complete) data for CALCIUM SULFATE (6 total), please visit the HSDB record page.; PURE ANHYDROUS SLIGHTLY SOL IN WATER; 0.209 G/100 CC & 0.1619 G/100 CC WATER AT 30 & 100 °C; SOL IN AMMONIUM SALTS, SODIUM THIOSULFATE & GLYCERINE; Solubility in water, g/100ml at 20Â °C: 0.2 (very good); 0.3%",2.96,2.96,0 mmHg (approx),0.0,1450Â °C,,1450.0,,
Ca3N2,175687737.0,,,,,,,,,,,,,,,,
Ca2P2O7,24632.0,7790-76-3,Polymorphous crystals or powder; White powder,,,1353 °C,1353.0,Insoluble in water. Soluble in dilute hydrochloric and nitric acids; Sol in dil hydrochloric and nitric acids; practically insol in water; Dilute acid; insoluble in water,3.09,3.09,,,"WHEN HEATED TO DECOMP, CAN EMIT HIGHLY TOXIC FUMES OF /PHOSPHORUS OXIDES/. /PHOSPHATES/",,,,
Ca3(PO4)2,24456.0,7758-87-4,"White amorphous powder; White, crystalline powder; Two crystalline modifications are known, the high temperature alpha- and the low-temperature beta-form, transition temperature 110 °C.; Rhombohedral crystals /Whitlockite/",,,1670 °C,1670.0,"7.7g/L; Practically insoluble in water; insoluble in ethanol, soluble in dilute hydrochloric and nitric acid; Practically insol in alcohol and acetic acid; sol in dilute hydrochloric acid, nitric acid; Solubility in cold water: 2 mg/100 cc; 2.5 mg/100 g water at 25 °C",3.14 g/cu cm,3.14,,,,"STABLE IN AIR /TRIBASIC CALCIUM PHOSPHATE, NATIONAL FORMULARY/",,,
CaHPO4,24441.0,7757-93-9,Triclinic crystals; White crystalline powder,,,,,"Sparingly soluble in water. Insoluble in ethanol; Solubility: cold water 0.0316 g/100 cc @ 38 °C; hot water 0.075 g/100 cc @ 100 °C /Calcium hydrogen phosphate dihydrate/; Practically insol in water, alc; Sol in dil hydrochloric, nitric & acetic acids","Monoclinic crystals; density: 2.31 /Calcium hydrogen phosphate dihydrate, brushite/",2.31,,,,STABLE IN AIR,,,
Ca(H2PO4)2,24454.0,7758-23-8,"SHINING TRICLINIC PLATES, CRYSTALLINE POWDER OR GRANULES; COLORLESS, PEARLY SCALES OR POWDER",,,,,Solubility: Cold water 1.8 g/100 cc @ 30 °C; decomposes in hot water. /Calcium phosphate monobasic monohydrate/; SOL IN DIL HYDROCHLORIC ACID; MODERATELY SOL IN WATER; SOL IN NITRIC ACID OR ACETIC ACID,2.220 @ 18 °C/4 °C,2.22,,,,,,,
CaCO3,10112.0,471-34-1,White hexagonal crystals or powder (Calcite); white orthrombic crystals or powder (Argonite); colorless hexagonal crystals (vaterite),Decomposes,2024.0,1517-2442 °F (Decomposes),-1374.44,"0.001 % (NIOSH, 2024); Practically insoluble in water and in alcohol. Dissolves with effervescence in diluted acetic acid, in diluted hydrochloric acid and in diluted nitric acid, and the resulting solutions, after boiling, give positive tests for calcium.; Solubility Product constant: 3.36X10-9 at 25 °C; ALKALI HYDROXIDE REDUCES ITS SOLUBILITY; INSOL IN ALCOHOL; SOLUBILITY IN H2O INCR BY AMMONIUM SALT & BY CO2; Practically insoluble in water; soluble in dilute acids; For more Solubility (Complete) data for CALCIUM CARBONATE (6 total), please visit the HSDB record page.; Solubility in water, mg/l at 25Â °C: 14 (very poor); 0.001%",2.7-2.95,2.7,0 mmHg (approx),0.0,825Â °C,Indefinite shelflife.; STABLE IN AIR,825.0,,
CaCN2,4293993.0,17292-62-5,,,,,,,,,,,,,,,
SrCO3,15407.0,1633-05-2,WHITE POWDER; Colorless or white rhombic crystalline solid transforming to hexagonal above 926 °C; White orthorhombic crystals; White crystalline powder,,,1494 °C,1494.0,"11 MG/L OF WATER AT 18 °C; 650 MG/L OF WATER AT 100 °C; Sol in ammonium salts; Sol in dilute acids; SOL IN 100,000 PARTS WATER; IN ABOUT 1000 PARTS WATER SATURATED WITH CARBON DIOXIDE.; Soluble in acids, carbonated water, and solutions of ammonium salts; Solubility in water, g/100ml at 18Â °C: 0.011 (very poor)",3.5 g/cmÂ³,3.5,,,DECOMPOSES AT 1100 °C INTO STRONTIUM OXIDE AND CARBON DIOXIDE,,1100.0,,
SrTiO3,82899.0,12060-59-2,,,,,,,,,,,,,,,
BaO2,6093286.0,17194-00-2,White powder,,,408 °C,408.0,"4.91 g/100 g water at 25 °C; Insoluble in acetone; Water solubility in wt %: 1.65%, 0 °C; 3.74%, 20 °C; 7.60%, 40 °C; 17.32%, 60 °C; 50.35%, 80 °C",Heat of fusion: 265 kJ/kg; heat-storage density: 657 MJ/cu m /Barium hydroxide octahydrate/,4.495,0 mm Hg,0.0,,,,,
BaSO4,24414.0,7727-43-7,"Fine, heavy powder or polymorphous crystals; White, orthorhombic crystals; White or yellowish powder; Opaque powder",2912 °F (Decomposes),1600.0,2876 °F,1580.0,"0.0002 % at 64 °F (NIOSH, 2024); Very slightly soluble in cold water; SOLUBILITY IN WATER INCREASES CONSIDERABLY IN PRESENCE OF CHLORIDE & OTHER ANIONS; 0.00031 g/100 g water at 20 °C; insol in ethanol; Soluble in hot concentrated sulfuric acid; practically insoluble in dilute acids and alcohol; Practically insoluble in organic solvents; very slightly soluble in alkalis and in solution of many salts; Solubility in water: none; (64 °F): 0.0002%",4.25-4.5,4.25,0 mmHg (approx),0.0,1600Â °C,,1600.0,,
Ba3N2,175687781.0,,,,,,,,,,,,,,,,
BaCO3,10563.0,513-77-9,"White, heavy powder",,,No melting point; decomposes at >1300Â °C,1300.0,"In water, 0.0014 g/100 g at 20 °C; Slightly soluble (1:1000) in carbon dioxide-water; soluble in dilute hydrochloric acid, nitric acid or acetic acid; soluble in ammonium chloride or ammonium nitrate solutions; Insoluble in sulfuric acid; Insoluble in ethanol; Solubility in water, g/100ml at 20Â °C: 0.002 (very poor)",4.43 g/cmÂ³,4.43,Essentially zero,,,Thermally stable,,,
BaCrO4,92026178.0,,,,,,,,,,,,,,,,
Li2O,166630.0,12057-24-8,,,,,,,,,,,,,,,
Li2O2,6327156.0,,,,,,,,,,,,,,,,
LiClO4,23665649.0,7791-03-9,,,,,,,,,,,,,,,
Li2SO4,66320.0,10377-48-7,,,,,,,,,,,,,,,
Li3N,520242.0,26134-62-3,,,,,,,,,,,,,,,
Li3PO4,165867.0,10377-52-3,,,,,,,,,,,,,,,
Li2CO3,11125.0,554-13-2,"White, light, alkaline powder; White monoclinic crystals",Decomposes at 1300 °C,1300.0,723Â °C,723.0,"100mM; Solubility in water (wt%): 1.52 at 0 °C; 1.31 at 20 °C; 1.16 at 40 °C; 1.00 at 60 °C; 0.84 at 80 °C; 0.71 at 100 °C; Insoluble in alcohol; soluble in dilute acid; Insoluble in acetone, ammonia; Solubility in water, g/100ml: 1.3 (poor)",2.1 g/cmÂ³,2.1,,,1310Â °C,,1310.0,,
LiBF4,4298216.0,14283-07-9,,,,,,,,,,,,,,,
NaHF2,219061.0,1333-83-1,"COLORLESS, OR WHITE CRYSTALLINE POWDER, RHOMBOHEDRAL",,,"Decomposes in melting (USCG, 1999)",1999.0,SOL IN COLD & HOT WATER,2.08,2.08,,,,,,,
Na2S,14804.0,,"CLEAR CRYSTALS; YELLOW OR BRICK-RED LUMPS OR FLAKES; CUBIC CRYSTALS OR GRANULES; AMORPHOUS, YELLOW-PINK OR WHITE CRYSTALS; Yellow or brick-red lumps or flakes or deliquescent crystals.; White to pink, crystalline solid.","Very high (USCG, 1999)",1999.0,1180 °C (IN VACUO),1180.0,Slightly soluble in alcohol; insoluble in ether.; Solubility in water (g/100 g water): 8.1 (-9.0 °C); 12.4 (0 °C); 18.6 (20 °C); 29.0 (40 °C); 35.7 (48 °C); 39.0 (50 °C).,1.86 g/cmÂ³,1.86,,,920-950Â °C,UNSTABLE,920.0,,
Na2S2,89870.0,22868-13-9,,,,,,,,,,,,,,,
Na2S4,82835.0,12034-39-8,,,,,,,,,,,,,,,
NaHS,28015.0,16721-80-5,Rhombohedric-cubic crystals. White to colorless.; Colorless rhombohedral crystals.,Boiling point at 1 atm: (approx) 212 °F= 100 °C= 373 deg K. /Sodium Hydrosulfide Solution/,100.0,"Turns yellow upon heating in dry air, changing to orange at higher temperatures. Forms a black liquid at the melting point. Gives a blue-green solution in dimethylformamide. Very hygroscopic. Readily hydrolyzed in moist air to NaOH and Na2S.",2.0,"SOL IN WATER, ALCOHOL, ETHER; In water, 50 g/100 cu cm water at 22 °C.; Solubility in water, g/100ml at 20Â °C: 50-60 (good)",1.8 g/cmÂ³,1.8,negligible,49.12,350Â °C,READILY HYDROLYZED IN MOIST AIR TO SODIUM HYDROXIDE & SODIUM SULFIDE,350.0,,
NaN3,33557.0,26628-22-8,"Colorless hexagonal crystals; Colorless to white, crystalline solid [Note: Forms hydrazoic acid (HN3) in water]",Decomposes,1998.0,527 °F (Decomposes),275.0,"50 to 100 mg/mL at 72 °F (NTP, 1992); In water, 41.0 g/100 mL at 17 °C; Highly soluble in water. Rapidly converted to hydrazoic acid ... Solubility in water: 40.16% at 10 °C; 41.7% at 17 °C; Slightly soluble in ethanol, insoluble in ethyl ether; Slightly soluble in alcohol; insoluble in ether; soluble in liquid ammonia; Solubility in water, g/100ml at 17Â °C: 41.7 (good); (63 °F): 42%",1.85,1.85,"Vapor pressure, Pa at 20Â °C: 1",0.007501,275Â °C,Stable under recommended storage conditions.; Heat and shock sensitive.; ... Stable in water in the absence of light ... .,275.0,"Not flammable (EPA, 1998)",1998.0
NaCN,8929.0,143-33-9,"White cubic crystals; WHITE SOLID IN FORM OF GRANULES, FLAKES, OR EGGS (RESEMBLING CHICKEN EGGS); White, granular or crystalline solid.",2725 °F,1496.11,1047 °F,563.89,"greater than or equal to 100 mg/mL at 68 °F (NTP, 1992); 48 G/100 CC WATER @ 10 °C; 82 G/100 CC WATER @ 35 °C; Slightly sol in alcohol; Solubility in water, g/l at 20Â °C: 480-520 (freely soluble); (77 °F): 58%",1.60,1.6,0 mmHg (approx),0.0,... If involved in a fire decomposes to produce hydrogen cyanide and oxides of nitrogen.,AQ SOLN ... RAPIDLY DECOMPOSES ON STANDING.; Aqueous solutions of sodium cyanide are slightly hydrolyzed (Kh= 2.5X10-5) at ordinary temperatures to produce hydrogen cyanide.,,"Not combustible (EPA, 1998)",1998.0
Na2SiF6,28127.0,16893-85-9,"WHITE GRANULAR POWDER; White, hexagonal crystals.; White, crystalline powder.; White, free-flowing powder.",,,Melts at red heat with decomposition.,,"SOL IN 150 PARTS COLD, 40 PARTS BOILING WATER; INSOL IN ALCOHOL; Insoluble in ethanol.; In water, 0.64 g/100 g at 20 °C, 0.76 g/100 g at 25 °C, 1.27 g/100 g at 50 °C, 2.45 g/100 g at 100 °C.; Solubility in water, g/100ml at 20Â °C: 0.76 (poor)",Relative density (water = 1): 2.7,1.0,,,When heated to decomposition it emits toxic fumes of /hydrogen fluoride/ and Na2O.,,2.0,,
NaBF4,4343483.0,13755-29-8,,,,,,,,,,,,,,,
Na3AlF6,16693908.0,15096-52-3,"MONOCLINIC CRYSTALS (NATURAL PRODUCT); AMORPHOUS POWDER (SYNTHETIC PRODUCT); Snow-white, semi-opaque masses, vitreous fracture. Monoclinic crystals with cubic habit, perfect cleavage. The natural form may be colored reddish or brown or even black, but loses this discoloration on heating.",Decomposes,2024.0,1832 °F,1000.0,"0.04 % (NIOSH, 2024); SOL IN DILUTE ALKALI; SOL IN FUSED ALUMINUM, FERRIC SALTS; INSOL IN ALCOHOL; Sol in concentrated sulfuric acid; For more Solubility (Complete) data for ALUMINUM SODIUM FLUORIDE (8 total), please visit the HSDB record page.; Solubility in water, g/100ml at 25Â °C: 0.042 (very poor); 0.04%",2.90,2.9,0 mmHg (approx),0.0,Decomposes by boiling with aqueous alkali hydroxides or aqueous calcium hydroxide,"Low melting solids or colorless, volatile liquids. /Alkylaluminum halides/; Less sensitive than trialkylaminums to oxidation upon exposure to air. /Alkylaluminum halides/",,,
KO3,11553430.0,256934-39-1,,,,,,,,,,,,,,,
K2O2,28202.0,17014-71-0,Yellow amorphous solid; WHITE POWDER,,,490 °C,490.0,Reacts with water,greater than 1 at 20 °C,1.0,,,,,,,
KHF2,11829350.0,7789-29-9,,,,,,,,,,,,,,,
KClO4,516900.0,7778-74-7,"COLORLESS CRYSTALS OR WHITE, CRYSTALLINE POWDER; Colorless orthorhombic crystals",,,525 °C,525.0,"17; SOL IN 65 PARTS COLD WATER, 15 PARTS BOILING WATER; PRACTICALLY INSOL IN ALCOHOL; In water, 15 g/l at 25 °C.; INSOL IN ETHER; Solubility in water, g/100ml at 20Â °C: 1.8",2.5 g/cmÂ³,2.5,,,400Â °C,POTASSIUM PERCHLORATE CAPSULES HAVE EXPIRATION DATE OF 6 MO FOLLOWING DATE OF MANUFACTURE,400.0,,
K2S2,129628555.0,,,,,,,,,,,,,,,,
K2S2O8,24412.0,7727-21-1,"COLORLESS, TRICLINIC CRYSTALS; WHITE CRYSTALS",,,,,"1.75 G IN 100 CC OF WATER @ 0 °C; 5.2 G IN 100 CC OF HOT WATER @ 20 °C; INSOL IN ALCOHOL; Solubility in water, g/100ml at 20Â °C: 5.2",2.48,2.48,,,"Dangerous when heated to decomp, emits highly toxic fumes of /sulfur oxides/.","GRADUALLY DECOMP LOSING AVAIL OXYGEN, MORE QUICKLY AT HIGHER TEMP, COMPLETELY AT ABOUT 100 °C",,,
KHS,57388872.0,1371635-84-5,,,,,,,,,,,,,,,
KHSO4,516920.0,7646-93-7,,,,,,"Freely soluble in water, insoluble in ethanol; Solubility in water, g/100ml: 49 (very good)",2.2 g/cmÂ³,2.2,,,195-214Â °C,,195.0,,
K3PO4,62657.0,7778-53-2,,,,,,Freely soluble in water. Insoluble in ethanol,,,,,,,,,
KH2PO4,516951.0,7778-77-0,Colorless crystals or white granular powder; White tetragonal crystals,,,253Â °C,253.0,"Freely soluble in water. Insoluble in ethanol; Solubility: 18 g/100g water /Monopotassium phosphate anhydrous/; Soluble in about 4.5 parts water; insoluble in alcohol; Solubility: 25 g/100 cc water at 25 °C. Slightly soluble in ethanol; Solubility in water, g/100ml: 22",2.34 g/cmÂ³,2.34,,,,,,,
KPF6,23688904.0,17084-13-8,,,,,,,,,,,,,,,
KC4,60196738.0,,,,,,,,,,,,,,,,
KC8,135567259.0,,,,,,,,,,,,,,,,
K2CO3,11430.0,584-08-7,"Colorless cubic crystals; hygroscopic; Granules or granular powder; White, deliquescent, granular, translucent powder",Decomposes,,891Â °C,891.0,"Very soluble in water. Insoluble in ethanol; For more Solubility (Complete) data for POTASSIUM CARBONATE (6 total), please visit the HSDB record page.; Insoluble in alcohol and acetone; 111 g/100 g water at 25 °C; Soluble in 1 part cold, 0.7 part boiling water.; Solubility in water (g K2CO3/100 g H2O): 105.5 at 0 °C; 108.0 at 10 °C; 110.5 at 20 °C; 113.7 at 30 °C; 155.7 at 100 °C; Solubility in water, g/100ml at 20Â °C: 112",2.29 g/cmÂ³,2.29,,,When heated to decomposition it emits toxic fumes of K2O.,,2.0,,
KHCO3,516893.0,298-14-6,,,,Decomposes before melting,,Soluble; Freely soluble in water. Insoluble in ethanol,,,,,,,,,
KCN,9032.0,151-50-8,"White, granular powder or fused pieces; White amorphous lumps or crystalline mass; White cubic crystals; White, granular or crystalline solid.",2957 °F,1625.0,1173 °F,633.89,"72 % at 77 °F (NIOSH, 2024); Sol in 2 parts cold, 1 part boiling water; Sol in 2 parts glycerol; 100 g/100 cc hot water above 176 °F; Sol in 25 parts methanol; For more Solubility (Complete) data for POTASSIUM CYANIDE (13 total), please visit the HSDB record page.; Solubility in water, g/l at 25Â °C: 716 (freely soluble); (77 °F): 72%",1.55,1.55,0 mmHg (approx),0.0,"When heated to decomposition, it emits very toxic fumes of /dipotassium oxide, hydrogen cyanide, and nitrogen oxides/.","In air, it is gradually decomp on exposure to carbon dioxide and moisture.",80.0,"Not flammable (EPA, 1998)",1998.0
KBF4,518872.0,14075-53-7,,,,,,,,,,,,,,,
K3AlCl6,6432088.0,,,,,,,,,,,,,,,,
KMnO4,516875.0,7722-64-7,Dark purple or bronze-like crystals; Almost opaque by transmitted light and of a blue metallic luster by reflected air.; Purple orthorhombic crystals; Bipyrimidal rhombic prisms,,,Decomposes,240.0,"Soluble in many organic solvents; also by concentrated acids with the liberation of oxygen.; Soluble in acetone and methanol; Soluble in acetic acid, trifluoroacetic acid, acetic anhydride, pyridine, benzonitrile, sulfolane.; In water, 6.40X10+4 mg/l @ 20 °C; 25 g/100 @ 65 °C water; Solubility in water, g/100ml at 20Â °C: 6.4 (moderate)",2.7 g/cmÂ³,2.7,Vapor pressure at 20Â °C: negligible,,240Â °C,STABLE IN AIR AND LIGHT; SOLN ARE UNSTABLE,240.0,,
K2Cr2O7,24502.0,7778-50-9,Orange-red triclinic crystals; Bright orange-red crystals,Decomposes at about 500 °C,500.0,398Â °C,398.0,"10 to 50 mg/mL at 68 °F (NTP, 1992); In water, 45,000 mg/L at 25 °C; Solubility in water: 4.9 g/100 cc at 0 °C; 102 g/100 cc at 100 °C; insoluble in alcohol; Saturated aqueous solution contains 4.3% at 0 °C; 11.7% at 20 °C; 20.9% at 40 °C; 50.2% at 100 °C; Solubility in water, g/100ml at 20Â °C: 12 (moderate)",2.7 g/cmÂ³,2.7,,,500Â °C,Stable under recommended storage conditions.; More stable than sodium dichromate in humid conditions.,500.0,,
AgNO3,24470.0,7761-88-8,Colorless rhombic cyrstals; Transparent large crystals or white small crystals,440 °C (decomposes),440.0,212Â °C,212.0,"greater than or equal to 100 mg/mL at 61 °F (NTP, 1992); For more Solubility (Complete) data for SILVER NITRATE (6 total), please visit the HSDB record page.; 122 G SOL IN 100 CC WATER @ 0 °C; 952 G SOL IN 100 CC WATER @ 190 °C; 1 g sol in 30 ml alcohol; 1 g sol in 6.5 ml boiling alcohol; 1 g sol in 253 ml acetone; readily sol in ammonia water; SOL IN ETHER, GLYCEROL; 245 g/100 g of water; Solubility in water: very soluble",Density  (at 20Â °C): 4.35 g/ml,4.35,,,444Â °C,"Light sensitive.; On exposure to air or light in the presence of organic matter, silver nitrate becomes grey or greyish-black.; In the presence of a trace of nitric acid, silver nitrate is stable to 350 °C",444.0,,
Ca(NO3)2,24963.0,10124-37-5,"Deliquescent granules; White, cubic crystals; White mass",,,560Â °C,560.0,"Very sol in water; freely sol in methanol, ethanol, acetone; almost insol in concn nitric acid; SOL IN ANHYD AMMONIA; IN ALCOHOL 14 G/100 CC @ 15 °C; Soluble in acetone; insoluble in ethanol; Solubility in water, g/100ml: 121.2",2.50 g/cmÂ³,2.5,,,When heated to decomposition it emits toxic fumes of nitroxides.,,,,
Mg(NO3)2,25212.0,10377-60-3,White cubic crystals,"Decomposes at 626 °F (USCG, 1999)",330.0,"192 °F (USCG, 1999)",88.89,Very soluble in water; 71.2 g/100g H2O at 25 °C; Solubility in water: very good,"Colorless, monoclinic, crystals; BP, decomposes @ 330 °C with loss of 5 H2O; MP, 95 °C; density, 1.464; deliquescent /Hexahydrate/",2.0256,0.494 mm Hg @ 25 °C (65.2 Pa),0.494,330Â °C,,330.0,,
Zn(NO3)2,24518.0,7779-88-6,White powder,,,~110Â °C,110.0,"SOLUBILITY: 184.3 G/100 CC WATER @ 20 °C /HEXAHYDRATE/; Soluble in alcohol.; In water, 93 g/100g.; Solubility in water, g/100ml at 20Â °C: 200 (very good)",Relative density (water = 1): 2.07 (hexahydrate),1.0,,,When heated to decomp it emits toxic fumes of /nitrogen oxides and zinc oxide/.,,,,
Cu(NO3)2,18616.0,3251-23-8,"Large, blue-green, orthorhombic crystals",Sublimes,,255-256 °C,-256.0,"137.8 g/100 cc water @ 0 °C, 1270 g/100 cc water @ 100 °C, 100 g/100 cc alcohol @ 12.5 °C, very slightly sol in liq ammonia /Cupric nitrate trihydrate/; 243.7 g/100 cc water @ 0 °C, sol in all proportions in hot water, sol in alcohol /Cupric nitrate hexahydrate/; Sol in water, ethyl acetate, dioxane","2.32 at 68 °F (USCG, 1999) - Denser than water; will sink",2.32,,,,,,,
Al(NO3)3,16713320.0,,,,,,,,,,,,,,,,
AgNO2,160904.0,7783-99-5,,,,,,,,,,,,,,,
NaBr,253881.0,7647-15-6,"White crystals, granules, or powder; White, cubic crystals",1390 °C,1390.0,755 °C,755.0,"Moderately soluble in alcohol; 1 g dissolves in 1.1 mL water, about 16 mL alcohol, 6 mL methanol; In water, 94.6 g/100 g water at 25 °C",3.21,3.21,,,When heated to decomposition it emits toxic fumes of /bromine and sodium oxide/.,,,,
KBr,253877.0,7758-02-3,"Colorless crystals or white granules or powder; Colorless cubic crystals; White, crystalline powder or granules",1435 °C,1435.0,730 °C,730.0,"greater than or equal to 100 mg/mL at 59 °F (NTP, 1992); In water, 67.8 g/100 g at 25 °C; Soluble in water; 1 g dissolves in 1.5 mL water, 1 mL boiling water; 1 g dissolves in 250 mL alcohol, 21 mL boiling alcohol, 4.6 mL glycerol; For more Solubility (Complete) data for Potassium bromide (6 total), please visit the HSDB record page.",2.74 g/cu cm at 25 °C,2.74,VP: 1 mm Hg at 795 °C,1.0,When heated to decomposition it emits toxic fumes of /potassium oxide and hydrogen bromides/.,Stable under recommended storage conditions.,,,
LiBr,82050.0,7550-35-8,,,,,,,,,,,,,,,
MgBr2,82241.0,7789-48-2,,,,,,,,,,,,,,,
CaBr2,5360316.0,7789-41-5,"Deliquescent granules or orthorhombic crystals; Rhombohedral crystals; hygroscopic; Colorless, orthorhombic, deliquescent crystals; Becomes yellow on exposure to air","BP: 806-812 °C, very deliquescent",-812.0,730Â °C,730.0,"In water, 156 g/100 g water at 25 °C; Water solubilty[Table#8606]; In water, 1420 g/L at 30 °C; Very soluble in water; For more Solubility (Complete) data for Calcium bromide (6 total), please visit the HSDB record page.; Solubility in water, g/100ml at 30Â °C: 142",3.4 g/cmÂ³,3.4,,,810Â °C,Stable under recommended storage conditions.,810.0,,
BaBr2,66350.0,,,,,,,,,,,,,,,,
SrBr2,25302.0,,,,,,,,,,,,,,,,
FeBr2,425646.0,,,,,,,,,,,,,,,,
FeBr3,25554.0,,,,,,,,,,,,,,,,
ZnBr2,24375.0,,,,,,,,,,,,,,,,
NiBr2,278492.0,13462-88-9,,,,,,,"4 at 68 °F (est) (USCG, 1999) - Denser than water; will sink",4.0,,,,,,,
CuBr,24593.0,7787-70-4,White powder or cubic crystals (zinc blende structure); White tetrahedral crystals; White crystalline solid becoming green in light,1345 °C,1345.0,504 °C,504.0,"Slightly sol in cold water; sol in hydrochloric acid, hydrobromic acid, ammonium hydroxide with the formation of complexes; practically insoluble in acetone, concentrated sulfuric acid; Soluble in hydrochloric acid and ammonium hydroxide; insoluble in acetone and sulfuric acid; Slightly soluble in water",4.72 @ 25 °C/4 °C,4.72,1 MM HG @ 572 °C,1.0,"WHEN STRONGLY HEATED, THEY EMIT HIGHLY TOXIC FUMES OF /HYDROGEN BROMIDE/. /BROMIDES/",It oxidizes slowly in air ... .,,,
CuBr2,24611.0,7789-45-9,"Almost black, iodine like, monoclinic crystals or crystalline powder",900 °C,900.0,498 °C,498.0,"Very sol in water; sol in alcohol, acetone, ammonia; practically insol in benzene, ether, concentrated sulfuric acid; Very sol in water; sol in ethanol, acetone; insoluble in benzene, ethyl ether; 126 parts/100 parts water; Anhydrous product is very soluble in water (55.7 g/100g solution) and soluble in ethanol and acetone.",4.710 @ 20 °C/4 °C,4.71,,,"WHEN STRONGLY HEATED, THEY EMIT HIGHLY TOXIC FUMES OF /HYDROGEN BROMIDE/. /BROMIDES/",,,,
AlBr3,24409.0,7727-15-3,White-yellowish monoclinic crystals; White to yellowish-red lumps,255 °C,255.0,97.5 °C,97.5,"It is similar to anhydrous AlCl3 but is more reactive and more sol in organic media. ... Fumes strongly in air; combines with water with violence.; Sol in many organic solvents such as benzene, nitrobenzene, toluene, xylene, simple hydrocarbons; Sol in ether",3.2,3.2,1 mm Hg at 81.3 °C,1.0,When heated to decomposition it emits toxic fumes of /hydrogen bromide/.,"Fumes strongly in air... . Keep /anhydrous form/ tightly closed and protect from moisture. ...Keep /hexahydrate form/ well closed.; Low melting solids or colorless, volatile liquids. /Alkylaluminum halides/; Less sensitive than trialkylaminums to oxidation upon exposure to air. /Alkylaluminum halides/",,,
AgBr,66199.0,7785-23-1,,,,,,,,,,,,,,,
MgI2,66322.0,10377-58-9,,,,,,,,,,,,,,,
CaI2,5462722.0,10102-68-8,,,,,,,,,,,,,,,
SrI2,25304.0,10476-86-5,,,,,,,,,,,,,,,
FeI2,422512.0,,,,,,,,,,,,,,,,
ZnI2,9883512.0,,,,,,,,,,,,,,,,
CuI2,83717.0,13767-71-0,,,,,,,,,,,,,,,
AlI3,82222.0,7784-23-8,,,,,,,,,,,,,,,
