cation,anion_family,compound_name,formula,base_formula,hydration,hydration_formula,phase_at_25C,state_description,molar_mass_g_per_mol,DfH0_kJ_per_mol,DfH_298K_kJ_per_mol,DfG_298K_kJ_per_mol,H_H0_298K_kJ_per_mol,S_298K_J_per_molK,Cp_298K_J_per_molK,Cp_mass_J_per_kgK_298K,Tm_C,Tm_K,Tb_C,Tb_K,Td_C,Hfus_kJ_per_mol,Hvap_kJ_per_mol,Hsub_kJ_per_mol,density_g_per_cm3,thermal_conductivity_W_per_mK,viscosity_mPa_s,hardness_Mohs,stability_range_C_min,stability_range_C_max,decomposition_products,Cp_equation_type,Cp_coeff_a,Cp_coeff_b,Cp_coeff_c,Cp_temp_range_K_min,Cp_temp_range_K_max,pressure_kPa,source_thermodynamic,source_physical_properties,source_transition_temps,data_quality,CAS,notes,CID_pubchem,color,odor,solubility,stability,toxicity_hazard,Tm_C_pubchem,Tb_C_pubchem,Td_C_pubchem,density_pubchem,flash_point_C,vapor_pressure_mmHg
Al,oxide,boehmite,Al2O3·H2O,Al2O3,monohydrate,H2O,solid,,119.9766,-1963.43,-1980.7,-1831.7,17.652,96.86,131.25,1093.9633228479554,,,,,,,,,,,,,,,,,,,,,,101.325,NBS Tables,,,A,,,,,,,,,,,,,,
Al,oxide,diaspore,Al2O3·H2O,Al2O3,monohydrate,H2O,solid,,119.9766,-1977.57,-1998.91,-1841.78,13.6,70.67,106.19,885.0892590721857,,,,,,,,,,,,,,,,,,,,,,101.325,NBS Tables,,,A,,,,,,,,,,,,,,
Al,oxide,gibbsite,Al2O3·3H2O,Al2O3,trihydrate,3H2O,solid,,156.0074,-2550.976,-2586.67,-2310.21,24.912,136.9,183.47,1176.033957363561,,,,,,,,,,,,,,,,,,,,,,101.325,NBS Tables,,,A,,,,,,,,,,,,,,
Al,oxide,bayerite,Al2O3·3H2O,Al2O3,trihydrate,3H2O,solid,,156.0074,,-2576.5,,,,,,,,,,,,,,,,,,,,,,,,,,,101.325,NBS Tables,,,A,,,,,,,,,,,,,,
Al,chloride,Aluminum chloride,AlCl3·6H2O,AlCl3,6-hydrate,6H2O,solid,,241.4329,2645.58,-2691.6,-2261.1,49.12,318.0,296.2,1226.8419092841118,,,,,,,,,,,,,,,,,,,,,,101.325,NBS Tables,,,A,,,,,,,,,,,,,,
Al,sulfate,Aluminum sulfate,Al2(SO4)3·6H2O,Al2(SO4)3,6-hydrate,6H2O,solid,,450.2402,,-5311.71,-4622.08,,469.0,492.9,1094.7489806552146,,,,,,,,,,,,,,,,,,,,,,101.325,NBS Tables,,,A,,,,,,,,,,,,,,
Al,sulfate,Aluminum sulfate,Al2(SO4)3·18H2O,Al2(SO4)3,18-hydrate,18H2O,solid,,666.425,,-8878.9,,,,,,,,,,,,,,,,,,,,,,,,,,,101.325,NBS Tables,,,A,,,,,,,,,,,,,,
Al,oxide,kaolinite,Al2Si2O7·2H2O,Al2Si2O7,dihydrate,2H2O,solid,,258.1616,,-4119.6,-3799.7,,205.0,246.14,953.4338181975938,,,,,,,,,,,,,,,,,,,,,,101.325,NBS Tables,,,A,,,,,,,,,,,,,,
Al,oxide,halloysite,Al2Si2O7·2H2O,Al2Si2O7,dihydrate,2H2O,solid,,258.1616,,-4101.2,-3780.5,,203.3,246.27,953.9373787581112,,,,,,,,,,,,,,,,,,,,,,101.325,NBS Tables,,,A,,,,,,,,,,,,,,
Al,oxide,dickite,Al2Si2O7·2H2O,Al2Si2O7,dihydrate,2H2O,solid,,258.1616,,-4118.3,-3795.9,,197.1,239.49,927.674758755756,,,,,,,,,,,,,,,,,,,,,,101.325,NBS Tables,,,A,,,,,,,,,,,,,,
Zn,oxide,,ZnO2·2H2O,ZnO2,dihydrate,2H2O,solid,,133.3996,,-868.6,,,,,,,,,,,,,,,,,,,,,,,,,,,101.325,NBS Tables,,,A,,,,,,,,,,,,,,
Zn,oxide,,ZnO·2ZnO2·2H2O,ZnO·2ZnO2,dihydrate,2H2O,solid,,312.1378,,-1542.2,,,,,,,,,,,,,,,,,,,,,,,,,,,101.325,NBS Tables,,,A,,,,,,,,,,,,,,
Zn,oxide,,ZnO·2ZnO2·3H2O,ZnO·2ZnO2,trihydrate,3H2O,solid,,330.1532,,-1835.1,,,,,,,,,,,,,,,,,,,,,,,,,,,101.325,NBS Tables,,,A,,,,,,,,,,,,,,
Zn,chloride,,ZnCl2·3ZnO·5H2O,ZnCl2·3ZnO,5-hydrate,5H2O,solid,,470.4612,,-2884.4,,,,,,,,,,,,,,,,,,,,,,,,,,,101.325,NBS Tables,,,A,,,,,,,,,,,,,,
Zn,chloride,,ZnCl2·4ZnO·11H2O,ZnCl2·4ZnO,11-hydrate,11H2O,solid,,659.923,,-4951.3,,,,,,,,,,,,,,,,,,,,,,,,,,,101.325,NBS Tables,,,A,,,,,,,,,,,,,,
Zn,chloride,,ZnCl2·5ZnO·8H2O,ZnCl2·5ZnO,8-hydrate,8H2O,solid,,687.2462,,-4432.1,,,,,,,,,,,,,,,,,,,,,,,,,,,101.325,NBS Tables,,,A,,,,,,,,,,,,,,
Zn,chloride,,ZnCl2·8ZnO·10H2O,ZnCl2·8ZnO,10-hydrate,10H2O,solid,,967.3852,,-6030.8,,,,,,,,,,,,,,,,,,,,,,,,,,,101.325,NBS Tables,,,A,,,,,,,,,,,,,,
Zn,oxide,,ZnBr2·4ZnO·13H2O,ZnBr2·4ZnO,13-hydrate,13H2O,solid,,784.8658,,-5436.7,,,,,,,,,,,,,,,,,,,,,,,,,,,101.325,NBS Tables,,,A,,,,,,,,,,,,,,
Zn,oxide,,ZnI2·5ZnO·11H2O,ZnI2·5ZnO,11-hydrate,11H2O,solid,,924.1952,,-4959.7,,,,,,,,,,,,,,,,,,,,,,,,,,,101.325,NBS Tables,,,A,,,,,,,,,,,,,,
Zn,sulfate,Zinc sulfate,ZnSO4·H2O,ZnSO4,monohydrate,H2O,solid,,179.447,,-1304.49,-1131.99,,138.5,,,,,,,,,,,,,,,,,,,,,,,,101.325,NBS Tables,,,A,,,,,,,,,,,,,,
Zn,sulfate,Zinc sulfate,ZnSO4·6H2O,ZnSO4,6-hydrate,6H2O,solid,,269.524,,-2777.46,-2324.44,,363.6,357.69,1327.1174366661226,,,,,,,,,,,,,,,,,,,,,,101.325,NBS Tables,,,A,,,,,,,,,,,,,,
Zn,sulfate,Zinc sulfate,ZnSO4·7H2O,ZnSO4,7-hydrate,7H2O,solid,,287.5394,,-3077.75,-2562.67,,388.7,383.42,1333.4520417028066,,,,,,,,,,,,,,,,,,,,,,101.325,NBS Tables,,,A,,,,,,,,,,,,,,
Zn,oxide,,ZnS2O6·6H2O,ZnS2O6,6-hydrate,6H2O,solid,,333.5868,,-3076.1,,,,,,,,,,,,,,,,,,,,,,,,,,,101.325,NBS Tables,,,A,,,,,,,,,,,,,,
Zn,carbonate,Zinc carbonate,ZnCO3·H2O,ZnCO3,monohydrate,H2O,solid,,143.3948,,,-970.6,,,,,,,,,,,,,,,,,,,,,,,,,,101.325,NBS Tables,,,A,,,,,,,,,,,,,,
Zn,oxide,,ZnC2O4·2H2O,ZnC2O4,dihydrate,2H2O,solid,,189.4208,,-1564.8,-1345.8,,195.4,,,,,,,,,,,,,,,,,,,,,,,,101.325,NBS Tables,,,A,,,,,,,,,,,,,,
Cu,fluoride,Copper(II) fluoride,CuF2·2H2O,CuF2,dihydrate,2H2O,solid,,137.5676,,,-981.4,,,,,,,,,,,,,,,,,,,,,,,,,,101.325,NBS Tables,,,A,,,,,,,,,,,,,,
Cu,chloride,Copper(II) chloride,CuCl2·2H2O,CuCl2,dihydrate,2H2O,solid,,170.4768,,-821.3,-655.9,,167.0,,,,,,,,,,,,,,,,,,,,,,,,101.325,NBS Tables,,,A,,,,,,,,,,,,,,
Cu,chloride,,CuCl2·3CuO·4H2O,CuCl2·3CuO,4-hydrate,4H2O,solid,,445.1258,,-1920.5,,,,,,,,,,,,,,,,,,,,,,,,,,,101.325,NBS Tables,,,A,,,,,,,,,,,,,,
Cu,sulfate,Copper(II) sulfate,CuSO4·H2O,CuSO4,monohydrate,H2O,solid,,177.617,,-1085.83,-918.11,,146.0,134.0,754.4322897019993,,,,,,,,,,,,,,,,,,,,,,101.325,NBS Tables,,,A,,,,,,,,,,,,,,
Cu,sulfate,Copper(II) sulfate,CuSO4·3H2O,CuSO4,trihydrate,3H2O,solid,,213.6478,,-1684.31,-1399.96,,221.3,205.0,959.5231029760196,,,,,,,,,,,,,,,,,,,,,,101.325,NBS Tables,,,A,,,,,,,,,,,,,,
Cu,sulfate,Copper(II) sulfate,CuSO4·5H2O,CuSO4,5-hydrate,5H2O,solid,,249.6786,,-2279.65,-1879.745,,300.4,280.0,1121.44172548228,,,,,,,,,,,,,,,,,,,,,,101.325,NBS Tables,,,A,,,,,,,,,,,,,,
Cu,oxide,,CuS2O6·5H2O,CuS2O6,5-hydrate,5H2O,solid,,313.7414,,-2583.2,,,,,,,,,,,,,,,,,,,,,,,,,,,101.325,NBS Tables,,,A,,,,,,,,,,,,,,
Cu,sulfate,langite,CuSO4·3Cu(OH)2·H2O,CuSO4·3Cu(OH)2,monohydrate,H2O,solid,,470.2814,,-2485.0,-2044.0,,335.0,,,,,,,,,,,,,,,,,,,,,,,,101.325,NBS Tables,,,A,,,,,,,,,,,,,,
Ni,fluoride,Nickel(II) fluoride,NiF2·4H2O,NiF2,4-hydrate,4H2O,solid,,168.7684,,,-1581.0,,,,,,,,,,,,,,,,,,,,,,,,,,101.325,NBS Tables,,,A,,,,,,,,,,,,,,
Ni,chloride,Nickel(II) chloride,NiCl2·2H2O,NiCl2,dihydrate,2H2O,solid,,165.6468,,-922.2,-760.1,,176.0,,,,,,,,,,,,,,,,,,,,,,,,101.325,NBS Tables,,,A,,,,,,,,,,,,,,
Ni,chloride,Nickel(II) chloride,NiCl2·4H2O,NiCl2,4-hydrate,4H2O,solid,,201.6776,,-1516.7,-1234.9,,243.0,,,,,,,,,,,,,,,,,,,,,,,,101.325,NBS Tables,,,A,,,,,,,,,,,,,,
Ni,chloride,Nickel(II) chloride,NiCl2·6H2O,NiCl2,6-hydrate,6H2O,solid,,237.7084,,-2103.17,-1713.19,,344.3,,,,,,,,,,,,,,,,,,,,,,,,101.325,NBS Tables,,,A,,,,,,,,,,,,,,
Ni,sulfate,Nickel(II) sulfate,NiSO4·4H2O,NiSO4,4-hydrate,4H2O,solid,,226.8332,,-2104.1,,,,,,,,,,,,,,,,,,,,,,,,,,,101.325,NBS Tables,,,A,,,,,,,,,,,,,,
Ni,sulfate,Nickel(II) sulfate,NiSO4·6H2O,NiSO4,6-hydrate,6H2O,solid,"α, tetragonal, green",262.864,-2631.263,-2682.82,-2224.61,51.844,334.47,327.86,1247.26094101893,,,,,,,,,,,,,,,,,,,,,,101.325,NBS Tables,,,A,,,,,,,,,,,,,,
Ni,sulfate,Nickel(II) sulfate,NiSO4·6H2O,NiSO4,6-hydrate,6H2O,solid,"β, monoclinic, blue",262.864,,-2672.3,,,,,,,,,,,,,,,,,,,,,,,,,,,101.325,NBS Tables,,,A,,,,,,,,,,,,,,
Ni,sulfate,Nickel(II) sulfate,NiSO4·7H2O,NiSO4,7-hydrate,7H2O,solid,,280.8794,-2919.051,-2976.33,-2461.83,58.932,378.94,364.59,1298.0304002358307,,,,,,,,,,,,,,,,,,,,,,101.325,NBS Tables,,,A,,,,,,,,,,,,,,
Ni,oxide,,NiS2O6·6H2O,NiS2O6,6-hydrate,6H2O,solid,,326.9268,,-2976.9,,,,,,,,,,,,,,,,,,,,,,,,,,,101.325,NBS Tables,,,A,,,,,,,,,,,,,,
Fe,chloride,Iron(II) chloride,FeCl2·2H2O,FeCl2,dihydrate,2H2O,solid,,162.7838,,-953.1,,,,,,,,,,,,,,,,,,,,,,,,,,,101.325,NBS Tables,,,A,,,,,,,,,,,,,,
Fe,chloride,Iron(II) chloride,FeCl2·4H2O,FeCl2,4-hydrate,4H2O,solid,,198.8146,,-1549.3,,,,,,,,,,,,,,,,,,,,,,,,,,,101.325,NBS Tables,,,A,,,,,,,,,,,,,,
Fe,chloride,Iron(III) chloride,FeCl3·6H2O,FeCl3,6-hydrate,6H2O,solid,,270.2984,,-2223.8,,,,,,,,,,,,,,,,,,,,,,,,,,,101.325,NBS Tables,,,A,,,,,,,,,,,,,,
Fe,sulfate,Iron(II) sulfate,FeSO4·H2O,FeSO4,monohydrate,H2O,solid,,169.924,,-1243.69,,,,,,,,,,,,,,,,,,,,,,,,,,,101.325,NBS Tables,,,A,,,,,,,,,,,,,,
Fe,sulfate,Iron(II) sulfate,FeSO4·4H2O,FeSO4,4-hydrate,4H2O,solid,,223.9702,,-2129.2,,,,,,,,,,,,,,,,,,,,,,,,,,,101.325,NBS Tables,,,A,,,,,,,,,,,,,,
Fe,sulfate,Iron(II) sulfate,FeSO4·7H2O,FeSO4,7-hydrate,7H2O,solid,,278.0164,,-3014.57,-2509.87,,409.2,394.47,1418.8731312253524,,,,,,,,,,,,,,,,,,,,,,101.325,NBS Tables,,,A,,,,,,,,,,,,,,
Fe,phosphate,Iron(III) phosphate,FePO4·2H2O,FePO4,dihydrate,2H2O,solid,strengite,186.8492,-1863.05,-1888.2,-1657.5,27.644,171.25,180.54,966.2337328712138,,,,,,,,,,,,,,,,,,,,,,101.325,NBS Tables,,,A,,,,,,,,,,,,,,
Fe,oxide,oxalate,FeC2O4·2H2O,FeC2O4,dihydrate,2H2O,solid,,179.8978,,-1482.4,,,,,,,,,,,,,,,,,,,,,,,,,,,101.325,NBS Tables,,,A,,,,,,,,,,,,,,
Mn,chloride,Manganese(II) chloride,MnCl2·H2O,MnCl2,monohydrate,H2O,solid,,143.8594,,-789.9,-696.1,,174.1,,,,,,,,,,,,,,,,,,,,,,,,101.325,NBS Tables,,,A,,,,,,,,,,,,,,
Mn,chloride,Manganese(II) chloride,MnCl2·2H2O,MnCl2,dihydrate,2H2O,solid,,161.8748,,-1092.0,-942.1,,218.8,,,,,,,,,,,,,,,,,,,,,,,,101.325,NBS Tables,,,A,,,,,,,,,,,,,,
Mn,chloride,Manganese(II) chloride,MnCl2·4H2O,MnCl2,4-hydrate,4H2O,solid,,197.9056,,-1687.4,-1423.6,,303.3,,,,,,,,,,,,,,,,,,,,,,,,101.325,NBS Tables,,,A,,,,,,,,,,,,,,
Mn,sulfate,Manganese(II) sulfate,MnSO4·H2O,MnSO4,monohydrate,H2O,solid,α,169.015,,-1376.5,,,,,,,,,,,,,,,,,,,,,,,,,,,101.325,NBS Tables,,,A,,,,,,,,,,,,,,
Mn,sulfate,Manganese(II) sulfate,MnSO4·H2O,MnSO4,monohydrate,H2O,solid,β,169.015,,-1348.1,,,,,,,,,,,,,,,,,,,,,,,,,,,101.325,NBS Tables,,,A,,,,,,,,,,,,,,
Mn,sulfate,Manganese(II) sulfate,MnSO4·4H2O,MnSO4,4-hydrate,4H2O,solid,,223.0612,,-2258.1,,,,,,,,,,,,,,,,,,,,,,,,,,,101.325,NBS Tables,,,A,,,,,,,,,,,,,,
Mn,sulfate,Manganese(II) sulfate,MnSO4·5H2O,MnSO4,5-hydrate,5H2O,solid,,241.0766,,-2553.1,,,,326.0,1352.2672876587774,,,,,,,,,,,,,,,,,,,,,,101.325,NBS Tables,,,A,,,,,,,,,,,,,,
Mn,sulfate,Manganese(II) sulfate,MnSO4·7H2O,MnSO4,7-hydrate,7H2O,solid,,277.1074,,-3139.3,,,,,,,,,,,,,,,,,,,,,,,,,,,101.325,NBS Tables,,,A,,,,,,,,,,,,,,
Mn,oxide,,MnS2O6·2H2O,MnS2O6,dihydrate,2H2O,solid,,251.0932,,,,,279.1,241.33,961.1172265915604,,,,,,,,,,,,,,,,,,,,,,101.325,NBS Tables,,,A,,,,,,,,,,,,,,
Mn,oxide,,MnS2O6·6H2O,MnS2O6,6-hydrate,6H2O,solid,,323.1548,,-3142.2,,,,,,,,,,,,,,,,,,,,,,,,,,,101.325,NBS Tables,,,A,,,,,,,,,,,,,,
Mn,oxide,,MnC2O4·2H2O,MnC2O4,dihydrate,2H2O,solid,,178.9888,,-1628.4,-1414.9,,201.0,,,,,,,,,,,,,,,,,,,,,,,,101.325,NBS Tables,,,A,,,,,,,,,,,,,,
Mn,oxide,,MnC2O4·3H2O,MnC2O4,trihydrate,3H2O,solid,,197.0042,,-1920.9,,,,,,,,,,,,,,,,,,,,,,,,,,,101.325,NBS Tables,,,A,,,,,,,,,,,,,,
Cr,oxide,Chromium(III) oxide,Cr2O3·H2O,Cr2O3,monohydrate,H2O,solid,,170.0056,,-1506.0,,,,,,,,,,,,,,,,,,,,,,,,,,,101.325,NBS Tables,,,A,,,,,,,,,,,,,,
Cr,oxide,Chromium(III) oxide,Cr2O3·2H2O,Cr2O3,dihydrate,2H2O,solid,,188.021,,-1845.0,,,,,,,,,,,,,,,,,,,,,,,,,,,101.325,NBS Tables,,,A,,,,,,,,,,,,,,
Cr,oxide,Chromium(III) oxide,Cr2O3·3H2O,Cr2O3,trihydrate,3H2O,solid,,206.0364,,-2171.0,,,,,,,,,,,,,,,,,,,,,,,,,,,101.325,NBS Tables,,,A,,,,,,,,,,,,,,
Cr,chloride,,CrCl2·2H2O,CrCl2,dihydrate,2H2O,solid,light green,158.9328,,-992.0,,,,,,,,,,,,,,,,,,,,,,,,,,,101.325,NBS Tables,,,A,,,,,,,,,,,,,,
Cr,chloride,,CrCl2·3H2O,CrCl2,trihydrate,3H2O,solid,pale blue,176.9482,,-1292.4,,,,,,,,,,,,,,,,,,,,,,,,,,,101.325,NBS Tables,,,A,,,,,,,,,,,,,,
Cr,chloride,,CrCl2·4H2O,CrCl2,4-hydrate,4H2O,solid,dark blue,194.9636,,-1608.3,,,,,,,,,,,,,,,,,,,,,,,,,,,101.325,NBS Tables,,,A,,,,,,,,,,,,,,
Cr,sulfate,,Cr2(SO4)3·18H2O,Cr2(SO4)3,18-hydrate,18H2O,solid,,716.454,,,,,,933.0,1302.246899312447,,,,,,,,,,,,,,,,,,,,,,101.325,NBS Tables,,,A,,,,,,,,,,,,,,
Zr,fluoride,Zirconium tetrafluoride,ZrF4·H2O,ZrF4,monohydrate,H2O,solid,,185.229,,-2207.5,,,,,,,,,,,,,,,,,,,,,,,,,,,101.325,NBS Tables,,,A,,,,,,,,,,,,,,
Zr,fluoride,Zirconium tetrafluoride,ZrF4·3H2O,ZrF4,trihydrate,3H2O,solid,,221.2598,,-2802.9,,,,,,,,,,,,,,,,,,,,,,,,,,,101.325,NBS Tables,,,A,,,,,,,,,,,,,,
Zr,chloride,,ZrOCl2·2H2O,ZrOCl2,dihydrate,2H2O,solid,,214.1562,,-1677.4,,,,,,,,,,,,,,,,,,,,,,,,,,,101.325,NBS Tables,,,A,,,,,,,,,,,,,,
Zr,chloride,,ZrOCl2·3.5H2O,ZrOCl2·3,5-hydrate,5H2O,solid,,241.1793,,-2135.5,,,,,,,,,,,,,,,,,,,,,,,,,,,101.325,NBS Tables,,,A,,,,,,,,,,,,,,
Zr,chloride,,ZrOCl2·6H2O,ZrOCl2,6-hydrate,6H2O,solid,,286.2178,,-2884.9,,,,,,,,,,,,,,,,,,,,,,,,,,,101.325,NBS Tables,,,A,,,,,,,,,,,,,,
Zr,chloride,,ZrOCl2·8H2O,ZrOCl2,8-hydrate,8H2O,solid,,322.2486,,-3471.9,,,,,,,,,,,,,,,,,,,,,,,,,,,101.325,NBS Tables,,,A,,,,,,,,,,,,,,
Zr,sulfate,,Zr(SO4)2·H2O,Zr(SO4)2,monohydrate,H2O,solid,,301.3586,,-2553.9,,,,,,,,,,,,,,,,,,,,,,,,,,,101.325,NBS Tables,,,A,,,,,,,,,,,,,,
Zr,sulfate,,Zr(SO4)2·4H2O,Zr(SO4)2,4-hydrate,4H2O,solid,,355.4048,,-3454.3,,,,,,,,,,,,,,,,,,,,,,,,,,,101.325,NBS Tables,,,A,,,,,,,,,,,,,,
Y,chloride,Yttrium chloride,YCl3·6H2O,YCl3,6-hydrate,6H2O,solid,,303.3564,,-2892.4,-2477.0,,385.0,,,,,,,,,,,,,,,,,,,,,,,,101.325,NBS Tables,,,A,,,,,,,,,,,,,,
Y,sulfate,,Y2(SO4)3·8H2O,Y2(SO4)3,8-hydrate,8H2O,solid,,610.118,,,-5572.9,,,,,,,,,,,,,,,,,,,,,,,,,,101.325,NBS Tables,,,A,,,,,,,,,,,,,,
Ce,fluoride,Cerium(III) fluoride,CeF3·H2O,CeF3,monohydrate,H2O,solid,,215.1306,,-1976.5,,,,,,,,,,,,,,,,,,,,,,,,,,,101.325,NBS Tables,,,A,,,,,,,,,,,,,,
Ce,chloride,Cerium(III) chloride,CeCl3·7H2O,CeCl3,7-hydrate,7H2O,solid,,372.5868,,-3169.4,,,,,,,,,,,,,,,,,,,,,,,,,,,101.325,NBS Tables,,,A,,,,,,,,,,,,,,
Ce,sulfate,Cerium(III) sulfate,Ce2(SO4)3·5H2O,Ce2(SO4)3,5-hydrate,5H2O,solid,,658.5018,,,,,,552.0,838.2665013216365,,,,,,,,,,,,,,,,,,,,,,101.325,NBS Tables,,,A,,,,,,,,,,,,,,
Ce,sulfate,Cerium(III) sulfate,Ce2(SO4)3·8H2O,Ce2(SO4)3,8-hydrate,8H2O,solid,,712.548,,,-5524.8,,,,,,,,,,,,,,,,,,,,,,,,,,101.325,NBS Tables,,,A,,,,,,,,,,,,,,
La,fluoride,Lanthanum fluoride,LaF3·H2O,LaF3,monohydrate,H2O,solid,,213.9206,,-1987.4,,,,,,,,,,,,,,,,,,,,,,,,,,,101.325,NBS Tables,,,A,,,,,,,,,,,,,,
La,chloride,Lanthanum chloride,LaCl3·7H2O,LaCl3,7-hydrate,7H2O,solid,,371.3768,,-3178.6,-2712.9,71.63,462.8,431.0,1160.5463776951065,,,,,,,,,,,,,,,,,,,,,,101.325,NBS Tables,,,A,,,,,,,,,,,,,,
La,sulfate,,La2(SO4)3·9H2O,La2(SO4)3,9-hydrate,9H2O,solid,,728.1434,,-6648.0,,,,636.0,873.4543223216746,,,,,,,,,,,,,,,,,,,,,,101.325,NBS Tables,,,A,,,,,,,,,,,,,,
Mg,chloride,Magnesium chloride,MgCl2·H2O,MgCl2,monohydrate,H2O,solid,,113.2334,,-966.63,-861.74,,137.2,115.27,1017.985859295932,,,,,,,,,,,,,,,,,,,,,,101.325,NBS Tables,,,A,,,,,,,,,,,,,,
Mg,chloride,Magnesium chloride,MgCl2·2H2O,MgCl2,dihydrate,2H2O,solid,,131.2488,,-1279.72,-1118.0,,179.9,159.2,1212.963470904115,,,,,,,,,,,,,,,,,,,,,,101.325,NBS Tables,,,A,,,,,,,,,,,,,,
Mg,chloride,Magnesium chloride,MgCl2·4H2O,MgCl2,4-hydrate,4H2O,solid,,167.2796,,-1898.99,-1623.29,,264.0,241.42,1443.2124419235818,,,,,,,,,,,,,,,,,,,,,,101.325,NBS Tables,,,A,,,,,,,,,,,,,,
Mg,chloride,Magnesium chloride,MgCl2·6H2O,MgCl2,6-hydrate,6H2O,solid,,203.3104,,-2499.02,-2114.64,,366.1,315.06,1549.6501900542228,,,,,,,,,,,,,,,,,,,,,,101.325,NBS Tables,,,A,,,,,,,,,,,,,,
Mg,chloride,,MgO·MgCl2·6H2O,MgO·MgCl2,6-hydrate,6H2O,solid,,243.6218,,-3114.6,,,,,,,,,,,,,,,,,,,,,,,,,,,101.325,NBS Tables,,,A,,,,,,,,,,,,,,
Mg,chloride,,MgO·MgCl2·16H2O,MgO·MgCl2,16-hydrate,16H2O,solid,,423.7758,,-6037.1,,,,,,,,,,,,,,,,,,,,,,,,,,,101.325,NBS Tables,,,A,,,,,,,,,,,,,,
Mg,sulfite,Magnesium sulfite,MgSO3·3H2O,MgSO3,trihydrate,3H2O,solid,,158.4204,,-1931.8,-1674.7,,209.2,,,,,,,,,,,,,,,,,,,,,,,,101.325,NBS Tables,,,A,,,,,,,,,,,,,,
Mg,sulfite,Magnesium sulfite,MgSO3·6H2O,MgSO3,6-hydrate,6H2O,solid,,212.4666,,-2817.5,-2385.4,,322.2,,,,,,,,,,,,,,,,,,,,,,,,101.325,NBS Tables,,,A,,,,,,,,,,,,,,
Mg,sulfate,Magnesium sulfate,MgSO4·H2O,MgSO4,monohydrate,H2O,solid,,138.389,,-1602.1,-1428.7,,126.4,,,,,,,,,,,,,,,,,,,,,,,,101.325,NBS Tables,,,A,,,,,,,,,,,,,,
Mg,sulfate,Magnesium sulfate,MgSO4·H2O,MgSO4,monohydrate,H2O,amorphous,,138.389,,-1574.9,-1404.9,,138.1,,,,,,,,,,,,,,,,,,,,,,,,101.325,NBS Tables,,,A,,,,,,,,,,,,,,
Mg,sulfate,Magnesium sulfate,MgSO4·2H2O,MgSO4,dihydrate,2H2O,solid,,156.4044,,-1896.2,,,,,,,,,,,,,,,,,,,,,,,,,,,101.325,NBS Tables,,,A,,,,,,,,,,,,,,
Mg,sulfate,Magnesium sulfate,MgSO4·4H2O,MgSO4,4-hydrate,4H2O,solid,,192.4352,,-2496.6,,,,,,,,,,,,,,,,,,,,,,,,,,,101.325,NBS Tables,,,A,,,,,,,,,,,,,,
Mg,sulfate,Magnesium sulfate,MgSO4·6H2O,MgSO4,6-hydrate,6H2O,solid,,228.466,,-3087.0,-2631.8,,348.1,348.11,1523.6840492677247,,,,,,,,,,,,,,,,,,,,,,101.325,NBS Tables,,,A,,,,,,,,,,,,,,
Mg,sulfate,Magnesium sulfate,MgSO4·7H2O,MgSO4,7-hydrate,7H2O,solid,,246.4814,,-3388.71,-2871.5,,372.0,,,,,,,,,,,,,,,,,,,,,,,,101.325,NBS Tables,,,A,,,,,,,,,,,,,,
Mg,oxide,,MgS2O3·3H2O,MgS2O3,trihydrate,3H2O,solid,,190.4844,,-1948.1,,,,,,,,,,,,,,,,,,,,,,,,,,,101.325,NBS Tables,,,A,,,,,,,,,,,,,,
Mg,oxide,,MgS2O3·6H2O,MgS2O3,6-hydrate,6H2O,solid,,244.5306,,-2848.5,,,,,,,,,,,,,,,,,,,,,,,,,,,101.325,NBS Tables,,,A,,,,,,,,,,,,,,
Mg,oxide,,MgS3O3·6H2O,MgS3O3,6-hydrate,6H2O,solid,,259.3626,,-2707.05,,,,,,,,,,,,,,,,,,,,,,,,,,,101.325,NBS Tables,,,A,,,,,,,,,,,,,,
Mg,carbonate,nesquehonite,MgCO3·3H2O,MgCO3,trihydrate,3H2O,solid,,138.3676,,,-1726.1,,,,,,,,,,,,,,,,,,,,,,,,,,101.325,NBS Tables,,,A,,,,,,,,,,,,,,
Mg,carbonate,lansfordite,MgCO3·5H2O,MgCO3,5-hydrate,5H2O,solid,,174.3984,,,-2199.2,,,,,,,,,,,,,,,,,,,,,,,,,,101.325,NBS Tables,,,A,,,,,,,,,,,,,,
Mg,oxide,,MgC2O4·2H2O,MgC2O4,dihydrate,2H2O,solid,,148.3628,,,-1633.3,,,,,,,,,,,,,,,,,,,,,,,,,,101.325,NBS Tables,,,A,,,,,,,,,,,,,,
Ca,oxide,,CaO2·8H2O,CaO2,8-hydrate,8H2O,solid,,216.202,,-3004.9,,,,,,,,,,,,,,,,,,,,,,,,,,,101.325,NBS Tables,,,A,,,,,,,,,,,,,,
Ca,chloride,Calcium chloride,CaCl2·H2O,CaCl2,monohydrate,H2O,solid,,129.0014,,-1109.2,,,,,,,,,,,,,,,,,,,,,,,,,,,101.325,NBS Tables,,,A,,,,,,,,,,,,,,
Ca,chloride,Calcium chloride,CaCl2·2H2O,CaCl2,dihydrate,2H2O,solid,,147.0168,,-1402.9,,,,,,,,,,,,,,,,,,,,,,,,,,,101.325,NBS Tables,,,A,,,,,,,,,,,,,,
Ca,chloride,Calcium chloride,CaCl2·4H2O,CaCl2,4-hydrate,4H2O,solid,,183.0476,,-2009.6,,,,,,,,,,,,,,,,,,,,,,,,,,,101.325,NBS Tables,,,A,,,,,,,,,,,,,,
Ca,chloride,Calcium chloride,CaCl2·6H2O,CaCl2,6-hydrate,6H2O,solid,,219.0784,,-2607.9,,,,,,,,,,,,,,,,,,,,,,,,,,,101.325,NBS Tables,,,A,,,,,,,,,,,,,,
Ca,chloride,,Ca(OCl)Cl·H2O,Ca(OCl)Cl,monohydrate,H2O,solid,,145.0008,,-1042.2,,,,,,,,,,,,,,,,,,,,,,,,,,,101.325,NBS Tables,,,A,,,,,,,,,,,,,,
Ca,chloride,,CaCl2·3CaO·3H2O,CaCl2·3CaO,trihydrate,3H2O,solid,,333.2704,,-3807.0,,,,,,,,,,,,,,,,,,,,,,,,,,,101.325,NBS Tables,,,A,,,,,,,,,,,,,,
Ca,chloride,,CaCl2·3CaO·16H2O,CaCl2·3CaO,16-hydrate,16H2O,solid,,567.4706,,-7665.0,,,,,,,,,,,,,,,,,,,,,,,,,,,101.325,NBS Tables,,,A,,,,,,,,,,,,,,
Ca,oxide,,CaBr2·3CaO·16H2O,CaBr2·3CaO,16-hydrate,16H2O,solid,,656.3826,,-7577.0,,,,,,,,,,,,,,,,,,,,,,,,,,,101.325,NBS Tables,,,A,,,,,,,,,,,,,,
Ca,oxide,,CaI2·3CaO·16H2O,CaI2·3CaO,16-hydrate,16H2O,solid,,750.3734,,-7443.0,,,,,,,,,,,,,,,,,,,,,,,,,,,101.325,NBS Tables,,,A,,,,,,,,,,,,,,
Ca,sulfite,,CaSO3·0.5H2O,CaSO3·0,5-hydrate,5H2O,solid,,129.1499,,-1311.7,-1199.23,,121.3,,,,,,,,,,,,,,,,,,,,,,,,101.325,NBS Tables,,,A,,,,,,,,,,,,,,
Ca,sulfate,,CaSO4·0.5H2O,CaSO4·0,5-hydrate,5H2O,solid,"macrocrystalline, α",145.1493,,-1576.74,-1436.74,,130.5,119.41,822.6701747786589,,,,,,,,,,,,,,,,,,,,,,101.325,NBS Tables,,,A,,,,,,,,,,,,,,
Ca,sulfate,,CaSO4·0.5H2O,CaSO4·0,5-hydrate,5H2O,solid,"microcrystalline, β",145.1493,,-1574.65,-1435.78,,134.3,124.22,855.8084675571979,,,,,,,,,,,,,,,,,,,,,,101.325,NBS Tables,,,A,,,,,,,,,,,,,,
Ca,sulfate,Calcium sulfate,CaSO4·2H2O,CaSO4,dihydrate,2H2O,solid,selenite,172.1724,,-2022.63,-1797.28,,194.1,186.02,1080.4286865955287,,,,,,,,,,,,,,,,,,,,,,101.325,NBS Tables,,,A,,,,,,,,,,,,,,
Ca,oxide,dithionate,CaS2O6·4H2O,CaS2O6,4-hydrate,4H2O,solid,,272.266,,-2916.0,,,,,,,,,,,,,,,,,,,,,,,,,,,101.325,NBS Tables,,,A,,,,,,,,,,,,,,
Ca,oxide,hyponitrite,CaN2O2·4H2O,CaN2O2,4-hydrate,4H2O,solid,,172.1538,,-1705.0,,,,,,,,,,,,,,,,,,,,,,,,,,,101.325,NBS Tables,,,A,,,,,,,,,,,,,,
Ca,phosphate,,CaHPO4·2H2O,CaHPO4,dihydrate,2H2O,solid,,172.0902,-2376.646,-2403.58,-2154.58,31.338,189.45,197.07,1145.155273222996,,,,,,,,,,,,,,,,,,,,,,101.325,NBS Tables,,,A,,,,,,,,,,,,,,
Ca,phosphate,,Ca(H2PO4)2·H2O,Ca(H2PO4)2,monohydrate,H2O,solid,,252.0702,-3370.409,-3409.67,-3058.18,41.631,259.8,258.82,1026.777461199301,,,,,,,,,,,,,,,,,,,,,,101.325,NBS Tables,,,A,,,,,,,,,,,,,,
Ca,phosphate,,Ca8H2(PO4)6·5H2O,Ca8H2(PO4)6,5-hydrate,5H2O,solid,,982.5614,,,-12263.0,,,,,,,,,,,,,,,,,,,,,,,,,,101.325,NBS Tables,,,A,,,,,,,,,,,,,,
Ca,phosphate,,Ca(H2PO4)2·H2O·NH3,Ca(H2PO4)2,monohydrate,H2O,solid,,269.1009,,-3504.1,,,,,,,,,,,,,,,,,,,,,,,,,,,101.325,NBS Tables,,,A,,,,,,,,,,,,,,
Ca,phosphate,,Ca(H2PO4)2·H2O·2NH3,Ca(H2PO4)2,monohydrate,H2O,solid,,286.1316,,-3588.2,,,,,,,,,,,,,,,,,,,,,,,,,,,101.325,NBS Tables,,,A,,,,,,,,,,,,,,
Ca,phosphate,,Ca(H2PO4)2·H2O·4NH3,Ca(H2PO4)2,monohydrate,H2O,solid,,320.193,,-3743.8,,,,,,,,,,,,,,,,,,,,,,,,,,,101.325,NBS Tables,,,A,,,,,,,,,,,,,,
Ca,oxide,,CaC2O4·H2O,CaC2O4,monohydrate,H2O,solid,,146.1154,,-1674.86,-1513.87,,156.5,152.8,1045.7487711767549,,,,,,,,,,,,,,,,,,,,,,101.325,NBS Tables,,,A,,,,,,,,,,,,,,
Ca,oxide,lawsonite,CaO·Al2O3·2SiO2·2H2O,CaO·Al2O3·2SiO2,dihydrate,2H2O,solid,,314.241,,-4858.5,-4505.1,,237.7,285.18,907.5200244398408,,,,,,,,,,,,,,,,,,,,,,101.325,NBS Tables,,,A,,,,,,,,,,,,,,
Ca,chloride,,CaCl2·2MgCl2·2H2O,CaCl2·2MgCl2,dihydrate,2H2O,solid,,337.4528,,-2949.3,,,,,,,,,,,,,,,,,,,,,,,,,,,101.325,NBS Tables,,,A,,,,,,,,,,,,,,
Sr,oxide,,SrO2·8H2O,SrO2,8-hydrate,8H2O,solid,,263.742,,-3023.4,,,,,,,,,,,,,,,,,,,,,,,,,,,101.325,NBS Tables,,,A,,,,,,,,,,,,,,
Sr,chloride,Strontium chloride,SrCl2·H2O,SrCl2,monohydrate,H2O,solid,,176.5414,,-1136.8,-1036.3,,172.0,120.1,680.2936874863345,,,,,,,,,,,,,,,,,,,,,,101.325,NBS Tables,,,A,,,,,,,,,,,,,,
Sr,chloride,Strontium chloride,SrCl2·2H2O,SrCl2,dihydrate,2H2O,solid,,194.5568,,-1438.0,-1281.8,,218.0,160.2,823.4099245053372,,,,,,,,,,,,,,,,,,,,,,101.325,NBS Tables,,,A,,,,,,,,,,,,,,
Sr,chloride,Strontium chloride,SrCl2·6H2O,SrCl2,6-hydrate,6H2O,solid,,266.6184,,-2623.8,-2240.92,,390.8,,,,,,,,,,,,,,,,,,,,,,,,101.325,NBS Tables,,,A,,,,,,,,,,,,,,
Sr,chloride,,SrCl2·SrO·0.9H2O,SrCl2·SrO·0,9-hydrate,9H2O,solid,,424.284,,-4211.6,,,,,,,,,,,,,,,,,,,,,,,,,,,101.325,NBS Tables,,,A,,,,,,,,,,,,,,
Sr,oxide,,SrBr2·SrO·3H2O,SrBr2·SrO,trihydrate,3H2O,solid,,405.1036,,-2313.8,,,,,,,,,,,,,,,,,,,,,,,,,,,101.325,NBS Tables,,,A,,,,,,,,,,,,,,
Sr,oxide,,SrBr2·SrO·9H2O,SrBr2·SrO,9-hydrate,9H2O,solid,,513.196,,-4121.2,,,,,,,,,,,,,,,,,,,,,,,,,,,101.325,NBS Tables,,,A,,,,,,,,,,,,,,
Sr,oxide,,SrS2O6·4H2O,SrS2O6,4-hydrate,4H2O,solid,,319.806,,-2925.0,,,,,,,,,,,,,,,,,,,,,,,,,,,101.325,NBS Tables,,,A,,,,,,,,,,,,,,
Sr,oxide,hyponitrite,SrN2O2·5H2O,SrN2O2,5-hydrate,5H2O,solid,,237.7092,,-1992.0,,,,,,,,,,,,,,,,,,,,,,,,,,,101.325,NBS Tables,,,A,,,,,,,,,,,,,,
Ba,oxide,,BaO2·H2O,BaO2,monohydrate,H2O,solid,,187.3542,,-930.1,,,,,,,,,,,,,,,,,,,,,,,,,,,101.325,NBS Tables,,,A,,,,,,,,,,,,,,
Ba,oxide,,BaO2·8H2O,BaO2,8-hydrate,8H2O,solid,,313.462,,-3006.6,,,,,,,,,,,,,,,,,,,,,,,,,,,101.325,NBS Tables,,,A,,,,,,,,,,,,,,
Ba,oxide,,BaO2·H2O2,BaO2,monohydrate,H2O,solid,,203.3536,,-872.4,,,,,,,,,,,,,,,,,,,,,,,,,,,101.325,NBS Tables,,,A,,,,,,,,,,,,,,
Ba,chloride,Barium chloride,BaCl2·H2O,BaCl2,monohydrate,H2O,solid,,226.2614,,-1160.6,-1055.63,,166.9,,,,,,,,,,,,,,,,,,,,,,,,101.325,NBS Tables,,,A,,,,,,,,,,,,,,
Ba,chloride,Barium chloride,BaCl2·2H2O,BaCl2,dihydrate,2H2O,solid,,244.2768,,-1460.13,-1296.32,,202.9,161.96,663.0183464004768,,,,,,,,,,,,,,,,,,,,,,101.325,NBS Tables,,,A,,,,,,,,,,,,,,
Ba,chloride,,BaCl2·BaO·3H2O,BaCl2·BaO,trihydrate,3H2O,solid,,415.6316,,-2418.4,,,,,,,,,,,,,,,,,,,,,,,,,,,101.325,NBS Tables,,,A,,,,,,,,,,,,,,
Ba,chloride,,BaCl2·BaO·5H2O,BaCl2·BaO,5-hydrate,5H2O,solid,,451.6624,,-3041.8,,,,,,,,,,,,,,,,,,,,,,,,,,,101.325,NBS Tables,,,A,,,,,,,,,,,,,,
Ba,chloride,,BaCl2·BaO·8H2O,BaCl2·BaO,8-hydrate,8H2O,solid,,505.7086,,-3896.1,,,,,,,,,,,,,,,,,,,,,,,,,,,101.325,NBS Tables,,,A,,,,,,,,,,,,,,
Ba,oxide,,BaBr2·BaO·2H2O,BaBr2·BaO,dihydrate,2H2O,solid,,486.5282,,-2033.4,,,,,,,,,,,,,,,,,,,,,,,,,,,101.325,NBS Tables,,,A,,,,,,,,,,,,,,
Ba,oxide,,BaBr2·BaO·5H2O,BaBr2·BaO,5-hydrate,5H2O,solid,,540.5744,,-2951.4,,,,,,,,,,,,,,,,,,,,,,,,,,,101.325,NBS Tables,,,A,,,,,,,,,,,,,,
Ba,oxide,,BaI2·BaO·2H2O,BaI2·BaO,dihydrate,2H2O,solid,,580.519,,-1905.0,,,,,,,,,,,,,,,,,,,,,,,,,,,101.325,NBS Tables,,,A,,,,,,,,,,,,,,
Ba,oxide,,BaI2·BaO·9H2O,BaI2·BaO,9-hydrate,9H2O,solid,,706.6268,,-3995.7,,,,,,,,,,,,,,,,,,,,,,,,,,,101.325,NBS Tables,,,A,,,,,,,,,,,,,,
Ba,oxide,,BaS2O6·2H2O,BaS2O6,dihydrate,2H2O,solid,,333.4952,,-2337.2,,,,,,,,,,,,,,,,,,,,,,,,,,,101.325,NBS Tables,,,A,,,,,,,,,,,,,,
Ba,oxide,,BaS2O8·4H2O,BaS2O8,4-hydrate,4H2O,solid,,401.5248,,-3095.3,,,,,,,,,,,,,,,,,,,,,,,,,,,101.325,NBS Tables,,,A,,,,,,,,,,,,,,
Ba,oxide,,BaS4O6·2H2O,BaS4O6,dihydrate,2H2O,solid,,397.6232,,-2361.0,,,,,,,,,,,,,,,,,,,,,,,,,,,101.325,NBS Tables,,,A,,,,,,,,,,,,,,
Ba,sulfate,,BaSO4·2H2SO4·H2O,BaSO4·2H2SO4,monohydrate,H2O,solid,,447.5722,,-3430.0,,,,,,,,,,,,,,,,,,,,,,,,,,,101.325,NBS Tables,,,A,,,,,,,,,,,,,,
Ba,phosphate,,Ba(H2PO2)2·H2O,Ba(H2PO2)2,monohydrate,H2O,solid,,285.3326,,-2052.3,,,,,,,,,,,,,,,,,,,,,,,,,,,101.325,NBS Tables,,,A,,,,,,,,,,,,,,
Ba,oxide,,BaC2O4·0.5H2O,BaC2O4·0,5-hydrate,5H2O,solid,,234.3677,,-1528.8,,,,,,,,,,,,,,,,,,,,,,,,,,,101.325,NBS Tables,,,A,,,,,,,,,,,,,,
Ba,oxide,,BaC2O4·2H2O,BaC2O4,dihydrate,2H2O,solid,,261.3908,,-1971.1,,,,,,,,,,,,,,,,,,,,,,,,,,,101.325,NBS Tables,,,A,,,,,,,,,,,,,,
Ba,oxide,,BaC2O4·3.5H2O,BaC2O4·3,5-hydrate,5H2O,solid,,288.4139,,-2412.5,,,,,,,,,,,,,,,,,,,,,,,,,,,101.325,NBS Tables,,,A,,,,,,,,,,,,,,
Ba,oxide,,BaO·Al2O3·H2O,BaO·Al2O3,monohydrate,H2O,solid,,273.316,,-2649.7,,,,,,,,,,,,,,,,,,,,,,,,,,,101.325,NBS Tables,,,A,,,,,,,,,,,,,,
Ba,oxide,,BaO·Al2O3·2H2O,BaO·Al2O3,dihydrate,2H2O,solid,,291.3314,,-2949.7,,,,,,,,,,,,,,,,,,,,,,,,,,,101.325,NBS Tables,,,A,,,,,,,,,,,,,,
Ba,oxide,,BaO·Al2O3·4H2O,BaO·Al2O3,4-hydrate,4H2O,solid,,327.3622,,-3558.9,,,,,,,,,,,,,,,,,,,,,,,,,,,101.325,NBS Tables,,,A,,,,,,,,,,,,,,
Ba,oxide,,BaO·Al2O3·7H2O,BaO·Al2O3,7-hydrate,7H2O,solid,,381.4084,,-4441.3,,,,,,,,,,,,,,,,,,,,,,,,,,,101.325,NBS Tables,,,A,,,,,,,,,,,,,,
Li,chloride,Lithium chloride,LiCl·H2O,LiCl,monohydrate,H2O,solid,,60.4094,,-712.58,-631.8,,102.84,,,,,,,,,,,,,,,,,,,,,,,,101.325,NBS Tables,,,A,,,,,,,,,,,,,,
Li,chloride,Lithium chloride,LiCl·2H2O,LiCl,dihydrate,2H2O,solid,,78.4248,,-1012.65,,,,,,,,,,,,,,,,,,,,,,,,,,,101.325,NBS Tables,,,A,,,,,,,,,,,,,,
Li,chloride,Lithium chloride,LiCl·3H2O,LiCl,trihydrate,3H2O,solid,,96.4402,,-1311.3,,,,,,,,,,,,,,,,,,,,,,,,,,,101.325,NBS Tables,,,A,,,,,,,,,,,,,,
Li,oxide,,LiClO3·0.25H2O,LiClO3·0,25-hydrate,25H2O,solid,,94.896,,,-328.24,,,,,,,,,,,,,,,,,,,,,,,,,,101.325,NBS Tables,,,A,,,,,,,,,,,,,,
Li,oxide,,LiClO4·H2O,LiClO4,monohydrate,H2O,solid,,124.407,,-697.1,-509.5,,155.2,,,,,,,,,,,,,,,,,,,,,,,,101.325,NBS Tables,,,A,,,,,,,,,,,,,,
Li,oxide,,LiClO4·3H2O,LiClO4,trihydrate,3H2O,solid,,160.4378,,-1297.96,-1001.0,,254.8,,,,,,,,,,,,,,,,,,,,,,,,101.325,NBS Tables,,,A,,,,,,,,,,,,,,
Li,sulfate,,Li2SO4·H2O,Li2SO4,monohydrate,H2O,solid,,127.959,-1715.52,-1735.5,-1565.5,23.836,163.6,151.08,1180.6906899866365,,,,,,,,,,,,,,,,,,,,,,101.325,NBS Tables,,,A,,,,,,,,,,,,,,
Li,oxide,,LiNO2·0.5H2O,LiNO2·0,5-hydrate,5H2O,solid,,61.9542,,,-423.3,,,,,,,,,,,,,,,,,,,,,,,,,,101.325,NBS Tables,,,A,,,,,,,,,,,,,,
Li,oxide,Lithium nitrite,LiNO2·H2O,LiNO2,monohydrate,H2O,solid,,70.9619,,-676.1,-544.2,,121.0,,,,,,,,,,,,,,,,,,,,,,,,101.325,NBS Tables,,,A,,,,,,,,,,,,,,
Li,oxide,Lithium nitrate,LiNO3·3H2O,LiNO3,trihydrate,3H2O,solid,,122.9921,,-1374.4,-1103.5,,223.4,,,,,,,,,,,,,,,,,,,,,,,,101.325,NBS Tables,,,A,,,,,,,,,,,,,,
Li,oxide,,Li2CrO4·2H2O,Li2CrO4,dihydrate,2H2O,solid,,165.9064,,-1984.5,-1761.0,,209.0,,,,,,,,,,,,,,,,,,,,,,,,101.325,NBS Tables,,,A,,,,,,,,,,,,,,
Na,oxide,,Na2O2·8H2O,Na2O2,8-hydrate,8H2O,solid,,222.1016,,-2943.0,,,,,,,,,,,,,,,,,,,,,,,,,,,101.325,NBS Tables,,,A,,,,,,,,,,,,,,
Na,oxide,,NaClO2·3H2O,NaClO2,trihydrate,3H2O,solid,,144.4878,,-1192.77,,,,,,,,,,,,,,,,,,,,,,,,,,,101.325,NBS Tables,,,A,,,,,,,,,,,,,,
Na,oxide,,NaClO4·H2O,NaClO4,monohydrate,H2O,solid,,140.4558,,-677.77,-494.29,,190.8,,,,,,,,,,,,,,,,,,,,,,,,101.325,NBS Tables,,,A,,,,,,,,,,,,,,
Na,oxide,,NaIO3·H2O,NaIO3,monohydrate,H2O,solid,,215.9078,,-779.48,-634.03,,162.3,,,,,,,,,,,,,,,,,,,,,,,,101.325,NBS Tables,,,A,,,,,,,,,,,,,,
Na,oxide,,NaIO3·5H2O,NaIO3,5-hydrate,5H2O,solid,,287.9694,,-1952.25,,,,,,,,,,,,,,,,,,,,,,,,,,,101.325,NBS Tables,,,A,,,,,,,,,,,,,,
Na,oxide,,NaIO4·3H2O,NaIO4,trihydrate,3H2O,solid,,267.938,,,-1036.6,,,,,,,,,,,,,,,,,,,,,,,,,,101.325,NBS Tables,,,A,,,,,,,,,,,,,,
Na,sulfide,,Na2S·4.5H2O,Na2S·4,5-hydrate,5H2O,solid,,159.1129,,-1725.9,,,,,,,,,,,,,,,,,,,,,,,,,,,101.325,NBS Tables,,,A,,,,,,,,,,,,,,
Na,sulfide,Sodium sulfide,Na2S·5H2O,Na2S,5-hydrate,5H2O,solid,,168.1206,,-1886.6,,,,,,,,,,,,,,,,,,,,,,,,,,,101.325,NBS Tables,,,A,,,,,,,,,,,,,,
Na,sulfide,Sodium sulfide,Na2S·9H2O,Na2S,9-hydrate,9H2O,solid,,240.1822,,-3074.0,,,,,,,,,,,,,,,,,,,,,,,,,,,101.325,NBS Tables,,,A,,,,,,,,,,,,,,
Na,sulfite,Sodium sulfite,Na2SO3·7H2O,Na2SO3,7-hydrate,7H2O,solid,,252.1496,,-3162.3,-2676.1,,444.0,,,,,,,,,,,,,,,,,,,,,,,,101.325,NBS Tables,,,A,,,,,,,,,,,,,,
Na,sulfate,Sodium sulfate,Na2SO4·10H2O,Na2SO4,10-hydrate,10H2O,solid,G-H-S constraint has been relaxed; see Introduction.,322.1952,,-4327.26,-3646.85,,592.0,,,,,,,,,,,,,,,,,,,,,,,,101.325,NBS Tables,,,A,,,,,,,,,,,,,,
Na,oxide,,Na2S2O3·5H2O,Na2S2O3,5-hydrate,5H2O,solid,,248.1828,,-2607.93,-2229.8,,372.0,,,,,,,,,,,,,,,,,,,,,,,,101.325,NBS Tables,,,A,,,,,,,,,,,,,,
Na,oxide,,Na2S2O6·2H2O,Na2S2O6,dihydrate,2H2O,solid,,242.1348,,-2295.8,,,,,,,,,,,,,,,,,,,,,,,,,,,101.325,NBS Tables,,,A,,,,,,,,,,,,,,
Na,oxide,,Na2S3O6·3H2O,Na2S3O6,trihydrate,3H2O,solid,,292.2142,,-2580.3,,,,,,,,,,,,,,,,,,,,,,,,,,,101.325,NBS Tables,,,A,,,,,,,,,,,,,,
Na,oxide,,Na2S4O6·2H2O,Na2S4O6,dihydrate,2H2O,solid,,306.2628,,-2317.5,,,,,,,,,,,,,,,,,,,,,,,,,,,101.325,NBS Tables,,,A,,,,,,,,,,,,,,
Na,sulfide,,NaHS·2H2O,NaHS,dihydrate,2H2O,solid,,92.0926,,-838.47,,,,,,,,,,,,,,,,,,,,,,,,,,,101.325,NBS Tables,,,A,,,,,,,,,,,,,,
Na,sulfate,,NaHSO4·H2O,NaHSO4,monohydrate,H2O,solid,,138.0748,,-1421.7,-1231.6,,155.0,,,,,,,,,,,,,,,,,,,,,,,,101.325,NBS Tables,,,A,,,,,,,,,,,,,,
Na,pyrophosphate,Sodium pyrophosphate,Na4P2O7·10H2O,Na4P2O7,10-hydrate,10H2O,solid,,446.0566,,-6138.0,,,,,,,,,,,,,,,,,,,,,,,,,,,101.325,NBS Tables,,,A,,,,,,,,,,,,,,
Na,phosphate,,Na5P3O10·6H2O,Na5P3O10,6-hydrate,6H2O,solid,,475.9568,-6123.3,-6194.8,-5540.8,97.03,611.3,573.6,1205.1513918910289,,,,,,,,,,,,,,,,,,,,,,101.325,NBS Tables,,,A,,,,,,,,,,,,,,
Na,metaphosphate,,NaH2PO3·2.5H2O,NaH2PO3·2,5-hydrate,5H2O,solid,,149.0163,,-1946.0,,,,,,,,,,,,,,,,,,,,,,,,,,,101.325,NBS Tables,,,A,,,,,,,,,,,,,,
Na,phosphate,,NaH2PO4·H2O,NaH2PO4,monohydrate,H2O,solid,,137.9926,,-1833.0,,,,,,,,,,,,,,,,,,,,,,,,,,,101.325,NBS Tables,,,A,,,,,,,,,,,,,,
Na,phosphate,,NaH2PO4·2H2O,NaH2PO4,dihydrate,2H2O,solid,,156.008,,-2128.4,,,,,,,,,,,,,,,,,,,,,,,,,,,101.325,NBS Tables,,,A,,,,,,,,,,,,,,
Na,metaphosphate,,Na2HPO3·5H2O,Na2HPO3,5-hydrate,5H2O,solid,,216.0366,,-2897.4,,,,,,,,,,,,,,,,,,,,,,,,,,,101.325,NBS Tables,,,A,,,,,,,,,,,,,,
Na,phosphate,,Na2HPO4·2H2O,Na2HPO4,dihydrate,2H2O,solid,,177.9898,,-2346.0,-2088.5,,221.3,,,,,,,,,,,,,,,,,,,,,,,,101.325,NBS Tables,,,A,,,,,,,,,,,,,,
Na,phosphate,,Na2HPO4·7H2O,Na2HPO4,7-hydrate,7H2O,solid,,268.0668,,-3821.7,-3279.8,,434.59,,,,,,,,,,,,,,,,,,,,,,,,101.325,NBS Tables,,,A,,,,,,,,,,,,,,
Na,phosphate,,Na2HPO4·12H2O,Na2HPO4,12-hydrate,12H2O,solid,,358.1438,,-5297.8,-4467.8,,633.83,,,,,,,,,,,,,,,,,,,,,,,,101.325,NBS Tables,,,A,,,,,,,,,,,,,,
Na,pyrophosphate,,Na2H2P2O7·6H2O,Na2H2P2O7,6-hydrate,6H2O,solid,,330.0314,,-4531.0,,,,,,,,,,,,,,,,,,,,,,,,,,,101.325,NBS Tables,,,A,,,,,,,,,,,,,,
Na,pyrophosphate,,Na3HP2O7·H2O,Na3HP2O7,monohydrate,H2O,solid,,261.9362,,-3276.5,,,,,,,,,,,,,,,,,,,,,,,,,,,101.325,NBS Tables,,,A,,,,,,,,,,,,,,
Na,pyrophosphate,,Na3HP2O7·6H2O,Na3HP2O7,6-hydrate,6H2O,solid,,352.0132,,-4740.9,,,,,,,,,,,,,,,,,,,,,,,,,,,101.325,NBS Tables,,,A,,,,,,,,,,,,,,
Na,carbonate,Sodium carbonate,Na2CO3·H2O,Na2CO3,monohydrate,H2O,solid,G-H-S constraint has been relaxed; see Introduction.,124.0044,-1417.83,-1431.26,-1285.31,26.342,168.11,145.6,1174.1518849331153,,,,,,,,,,,,,,,,,,,,,,101.325,NBS Tables,,,A,,,,,,,,,,,,,,
Na,carbonate,Sodium carbonate,Na2CO3·7H2O,Na2CO3,7-hydrate,7H2O,solid,G-H-S constraint has been relaxed; see Introduction.,232.0968,,-3199.96,-2714.2,,422.2,,,,,,,,,,,,,,,,,,,,,,,,101.325,NBS Tables,,,A,,,,,,,,,,,,,,
Na,carbonate,Sodium carbonate,Na2CO3·10H2O,Na2CO3,10-hydrate,10H2O,solid,G-H-S constraint has been relaxed; see Introduction.,286.143,-4015.05,-4081.32,-3427.66,88.74,562.7,550.32,1923.2341871022527,,,,,,,,,,,,,,,,,,,,,,101.325,NBS Tables,,,A,,,,,,,,,,,,,,
Na,oxide,,NaHC2O4·H2O,NaHC2O4,monohydrate,H2O,solid,,130.0332,,-1384.1,,,,,,,,,,,,,,,,,,,,,,,,,,,101.325,NBS Tables,,,A,,,,,,,,,,,,,,
Na,carbonate,trona,NaHCO3·Na2CO3·2H2O,NaHCO3·Na2CO3,dihydrate,2H2O,solid,,226.027,,-2684.9,-2383.37,,301.2,,,,,,,,,,,,,,,,,,,,,,,,101.325,NBS Tables,,,A,,,,,,,,,,,,,,
Na,nitride,,NaCN·2H2O,NaCN,dihydrate,2H2O,solid,,85.0385,,-679.77,,,,,,,,,,,,,,,,,,,,,,,,,,,101.325,NBS Tables,,,A,,,,,,,,,,,,,,
Na,oxide,,Na2SiO3·5H2O,Na2SiO3,5-hydrate,5H2O,solid,,212.1408,,-3048.5,,,,,,,,,,,,,,,,,,,,,,,,,,,101.325,NBS Tables,,,A,,,,,,,,,,,,,,
Na,oxide,,Na2SiO3·9H2O,Na2SiO3,9-hydrate,9H2O,solid,,284.2024,,-4228.8,,,,,,,,,,,,,,,,,,,,,,,,,,,101.325,NBS Tables,,,A,,,,,,,,,,,,,,
Na,borate,Sodium metaborate,NaBO2·2H2O,NaBO2,dihydrate,2H2O,solid,,101.8304,,-1582.0,-1409.9,,155.0,,,,,,,,,,,,,,,,,,,,,,,,101.325,NBS Tables,,,A,,,,,,,,,,,,,,
Na,borate,Sodium metaborate,NaBO2·4H2O,NaBO2,4-hydrate,4H2O,solid,,137.8612,,-2176.0,-1888.0,,230.0,,,,,,,,,,,,,,,,,,,,,,,,101.325,NBS Tables,,,A,,,,,,,,,,,,,,
Na,borate,,NaBO3·4H2O,NaBO3,4-hydrate,4H2O,solid,,153.8606,,-2114.2,,,,,,,,,,,,,,,,,,,,,,,,,,,101.325,NBS Tables,,,A,,,,,,,,,,,,,,
Na,borate,,NaB5O8·5H2O,NaB5O8,5-hydrate,5H2O,solid,,295.117,,,,,380.12,,,,,,,,,,,,,,,,,,,,,,,,101.325,NBS Tables,,,A,,,,,,,,,,,,,,
Na,borate,Sodium tetraborate,Na2B4O7·4H2O,Na2B4O7,4-hydrate,4H2O,solid,,273.281,,-4507.4,,,,,,,,,,,,,,,,,,,,,,,,,,,101.325,NBS Tables,,,A,,,,,,,,,,,,,,
Na,borate,Sodium tetraborate,Na2B4O7·5H2O,Na2B4O7,5-hydrate,5H2O,solid,,291.2964,,-4802.4,,,,,,,,,,,,,,,,,,,,,,,,,,,101.325,NBS Tables,,,A,,,,,,,,,,,,,,
Na,borate,borax,Na2B4O7·10H2O,Na2B4O7,10-hydrate,10H2O,solid,,381.3734,,-6288.6,-5516.0,,586.0,615.0,1612.5928027492216,,,,,,,,,,,,,,,,,,,,,,101.325,NBS Tables,,,A,,,,,,,,,,,,,,
Na,fluoride,,Na3AlF6·3.5H2O,Na3AlF6·3,5-hydrate,5H2O,solid,,272.9952,,-4395.3,,,,,,,,,,,,,,,,,,,,,,,,,,,101.325,NBS Tables,,,A,,,,,,,,,,,,,,
Na,sulfate,,NaAl(SO4)2·2H2O,NaAl(SO4)2,dihydrate,2H2O,solid,,278.1253,,-3025.45,,,,,,,,,,,,,,,,,,,,,,,,,,,101.325,NBS Tables,,,A,,,,,,,,,,,,,,
Na,sulfate,,NaAl(SO4)2·5H2O,NaAl(SO4)2,5-hydrate,5H2O,solid,,332.1715,,-3934.84,,,,,,,,,,,,,,,,,,,,,,,,,,,101.325,NBS Tables,,,A,,,,,,,,,,,,,,
Na,sulfate,,NaAl(SO4)2·6H2O,NaAl(SO4)2,6-hydrate,6H2O,solid,,350.1869,,-4233.45,,,,,,,,,,,,,,,,,,,,,,,,,,,101.325,NBS Tables,,,A,,,,,,,,,,,,,,
Na,sulfate,alum.,NaAl(SO4)2·12H2O,NaAl(SO4)2,12-hydrate,12H2O,solid,,458.2793,,-6002.74,,,,,,,,,,,,,,,,,,,,,,,,,,,101.325,NBS Tables,,,A,,,,,,,,,,,,,,
Na,oxide,analcite,NaAlSi2O6·H2O,NaAlSi2O6,monohydrate,H2O,solid,,220.1551,,-3300.8,-3082.6,,234.3,209.91,953.4641713955298,,,,,,,,,,,,,,,,,,,,,,101.325,NBS Tables,,,A,,,,,,,,,,,,,,
Na,sulfate,,Na2Zn(SO4)2·2H2O,Na2Zn(SO4)2,dihydrate,2H2O,solid,,339.5036,,-3014.2,,,,,,,,,,,,,,,,,,,,,,,,,,,101.325,NBS Tables,,,A,,,,,,,,,,,,,,
Na,sulfate,,Na2Zn(SO4)2·4H2O,Na2Zn(SO4)2,4-hydrate,4H2O,solid,,375.5344,,-3592.0,,,,,,,,,,,,,,,,,,,,,,,,,,,101.325,NBS Tables,,,A,,,,,,,,,,,,,,
Na,carbonate,,Na2Cu(CO3)2·3H2O,Na2Cu(CO3)2,trihydrate,3H2O,solid,,283.5846,,-2608.89,,,,,,,,,,,,,,,,,,,,,,,,,,,101.325,NBS Tables,,,A,,,,,,,,,,,,,,
Na,oxide,,NaMnO4·H2O,NaMnO4,monohydrate,H2O,solid,,159.9408,,-1079.14,,,,,,,,,,,,,,,,,,,,,,,,,,,101.325,NBS Tables,,,A,,,,,,,,,,,,,,
Na,oxide,,NaMnO4·3H2O,NaMnO4,trihydrate,3H2O,solid,,195.9716,,-1672.85,,,,,,,,,,,,,,,,,,,,,,,,,,,101.325,NBS Tables,,,A,,,,,,,,,,,,,,
Na,sulfate,,Na2Mn(SO4)2·2H2O,Na2Mn(SO4)2,dihydrate,2H2O,solid,,329.0716,,-3080.3,,,,,,,,,,,,,,,,,,,,,,,,,,,101.325,NBS Tables,,,A,,,,,,,,,,,,,,
Na,oxide,,Na2CrO4·4H2O,Na2CrO4,4-hydrate,4H2O,solid,,234.0348,,-2528.8,,,,,,,,,,,,,,,,,,,,,,,,,,,101.325,NBS Tables,,,A,,,,,,,,,,,,,,
Na,oxide,,Na2CrO4·10H2O,Na2CrO4,10-hydrate,10H2O,solid,,342.1272,,-4281.1,,,,,,,,,,,,,,,,,,,,,,,,,,,101.325,NBS Tables,,,A,,,,,,,,,,,,,,
Na,oxide,,Na2Cr2O7·2H2O,Na2Cr2O7,dihydrate,2H2O,solid,,297.9982,,-2574.8,,,,,,,,,,,,,,,,,,,,,,,,,,,101.325,NBS Tables,,,A,,,,,,,,,,,,,,
Na,sulfate,,Na2Mg(SO4)2·2H2O,Na2Mg(SO4)2,dihydrate,2H2O,solid,,298.4456,,-3389.9,,,,,,,,,,,,,,,,,,,,,,,,,,,101.325,NBS Tables,,,A,,,,,,,,,,,,,,
K,fluoride,Potassium fluoride,KF·2H2O,KF,dihydrate,2H2O,solid,,94.1312,,-1163.621,-1021.49,,155.2,,,,,,,,,,,,,,,,,,,,,,,,101.325,NBS Tables,,,A,,,,,,,,,,,,,,
K,sulfide,Potassium sulfide,K2S·2H2O,K2S,dihydrate,2H2O,solid,,146.2988,,-975.3,,,,,,,,,,,,,,,,,,,,,,,,,,,101.325,NBS Tables,,,A,,,,,,,,,,,,,,
K,sulfide,Potassium sulfide,K2S·5H2O,K2S,5-hydrate,5H2O,solid,,200.345,,-1871.5,,,,,,,,,,,,,,,,,,,,,,,,,,,101.325,NBS Tables,,,A,,,,,,,,,,,,,,
K,sulfide,,K2S4·0.5H2O,K2S4·0,5-hydrate,5H2O,solid,,215.4677,,-627.2,,,,,,,,,,,,,,,,,,,,,,,,,,,101.325,NBS Tables,,,A,,,,,,,,,,,,,,
K,sulfide,,K2S4·2H2O,K2S4,dihydrate,2H2O,solid,,242.4908,,-1078.6,,,,,,,,,,,,,,,,,,,,,,,,,,,101.325,NBS Tables,,,A,,,,,,,,,,,,,,
K,oxide,,K2S2O3·H2O,K2S2O3,monohydrate,H2O,solid,,208.3456,,-1464.8,,,,,,,,,,,,,,,,,,,,,,,,,,,101.325,NBS Tables,,,A,,,,,,,,,,,,,,
K,oxide,,K2S2O5·0.5H2O,K2S2O5·0,5-hydrate,5H2O,solid,,231.3367,,-1677.8,,,,,,,,,,,,,,,,,,,,,,,,,,,101.325,NBS Tables,,,A,,,,,,,,,,,,,,
K,oxide,,K2S5O6·1.5H2O,K2S5O6·1,5-hydrate,5H2O,solid,,361.5435,,-2222.5,,,,,,,,,,,,,,,,,,,,,,,,,,,101.325,NBS Tables,,,A,,,,,,,,,,,,,,
K,sulfide,,KHS·0.25H2O,KHS·0,25-hydrate,25H2O,solid,,76.6778,,-337.2,,,,,,,,,,,,,,,,,,,,,,,,,,,101.325,NBS Tables,,,A,,,,,,,,,,,,,,
K,carbonate,,K2CO3·1.5H2O,K2CO3·1,5-hydrate,5H2O,solid,,165.2365,,-1609.2,-1432.5,,203.3,,,,,,,,,,,,,,,,,,,,,,,,101.325,NBS Tables,,,A,,,,,,,,,,,,,,
K,oxide,,K2C2O4·H2O,K2C2O4,monohydrate,H2O,solid,,184.2394,,-1644.7,,,,,,,,,,,,,,,,,,,,,,,,,,,101.325,NBS Tables,,,A,,,,,,,,,,,,,,
K,oxide,,KHC2O4·H2C2O4·2H2O,KHC2O4·H2C2O4,dihydrate,2H2O,solid,,254.1968,,-2533.0,,,,,,,,,,,,,,,,,,,,,,,,,,,101.325,NBS Tables,,,A,,,,,,,,,,,,,,
K,borate,,KB5O8·4H2O,KB5O8,4-hydrate,4H2O,solid,,293.2138,,,,54.844,364.43,330.49,1127.1297599226232,,,,,,,,,,,,,,,,,,,,,,101.325,NBS Tables,,,A,,,,,,,,,,,,,,
K,borate,,K2B4O7·4H2O,K2B4O7,4-hydrate,4H2O,solid,,305.5054,,,-4134.7,,,,,,,,,,,,,,,,,,,,,,,,,,101.325,NBS Tables,,,A,,,,,,,,,,,,,,
K,fluoride,,K3AlF6·3.5H2O,K3AlF6·3,5-hydrate,5H2O,solid,,321.3318,,-4427.1,,,,,,,,,,,,,,,,,,,,,,,,,,,101.325,NBS Tables,,,A,,,,,,,,,,,,,,
K,sulfate,,KAl(SO4)2·3H2O,KAl(SO4)2,trihydrate,3H2O,solid,,312.2529,,-3381.1,-2974.5,,314.0,,,,,,,,,,,,,,,,,,,,,,,,101.325,NBS Tables,,,A,,,,,,,,,,,,,,
K,sulfate,,KAl(SO4)2·12H2O,KAl(SO4)2,12-hydrate,12H2O,solid,,474.3915,,-6061.8,-5141.0,,687.4,651.03,1372.3475230901058,,,,,,,,,,,,,,,,,,,,,,101.325,NBS Tables,,,A,,,,,,,,,,,,,,
K,phosphate,,KAl2(PO4)2OH·2H2O,KAl2(PO4)2OH,dihydrate,2H2O,solid,,336.046,,,,49.37,294.68,320.2,952.845741356838,,,,,,,,,,,,,,,,,,,,,,101.325,NBS Tables,,,A,,,,,,,,,,,,,,
K,phosphate,potassium taranakite,K3H6Al5(PO4)8·18H2O,K3H6Al5(PO4)8,18-hydrate,18H2O,solid,,1342.3099,-18679.0,-18919.2,-17417.3,241.75,3496.2,1482.4,1104.3649458295731,,,,,,,,,,,,,,,,,,,,,,101.325,NBS Tables,,,A,,,,,,,,,,,,,,
K,sulfate,,K2Zn(SO4)2·2H2O,K2Zn(SO4)2,dihydrate,2H2O,solid,,371.728,,-3037.6,,,,,,,,,,,,,,,,,,,,,,,,,,,101.325,NBS Tables,,,A,,,,,,,,,,,,,,
K,sulfate,,K2Zn(SO4)2·6H2O,K2Zn(SO4)2,6-hydrate,6H2O,solid,,443.7896,,-4234.2,,,,,,,,,,,,,,,,,,,,,,,,,,,101.325,NBS Tables,,,A,,,,,,,,,,,,,,
K,chloride,,K2CuCl4·2H2O,K2CuCl4,dihydrate,2H2O,solid,,319.5868,-1694.06,-1707.1,-1492.7,50.141,355.43,253.232,792.3731518323034,,,,,,,,,,,,,,,,,,,,,,101.325,NBS Tables,,,A,,,,,,,,,,,,,,
K,sulfate,,K2Cu(SO4)2·0.5H2O,K2Cu(SO4)2·0,5-hydrate,5H2O,solid,,342.8749,,-2361.4,,,,,,,,,,,,,,,,,,,,,,,,,,,101.325,NBS Tables,,,A,,,,,,,,,,,,,,
K,sulfate,,K2Cu(SO4)2·2H2O,K2Cu(SO4)2,dihydrate,2H2O,solid,,369.898,,-2826.7,,,,,,,,,,,,,,,,,,,,,,,,,,,101.325,NBS Tables,,,A,,,,,,,,,,,,,,
K,sulfate,,K2Cu(SO4)2·6H2O,K2Cu(SO4)2,6-hydrate,6H2O,solid,,441.9596,,-4023.8,,,,,,,,,,,,,,,,,,,,,,,,,,,101.325,NBS Tables,,,A,,,,,,,,,,,,,,
K,sulfate,,K2Mn(SO4)2·2H2O,K2Mn(SO4)2,dihydrate,2H2O,solid,,361.296,,-3118.8,,,,,,,,,,,,,,,,,,,,,,,,,,,101.325,NBS Tables,,,A,,,,,,,,,,,,,,
K,sulfate,,K2Mn(SO4)2·4H2O,K2Mn(SO4)2,4-hydrate,4H2O,solid,,397.3268,,-3705.4,,,,,,,,,,,,,,,,,,,,,,,,,,,101.325,NBS Tables,,,A,,,,,,,,,,,,,,
K,sulfate,,KCr(SO4)2·1.5H2O,KCr(SO4)2·1,5-hydrate,5H2O,solid,,310.2443,,-2656.8,,,,,,,,,,,,,,,,,,,,,,,,,,,101.325,NBS Tables,,,A,,,,,,,,,,,,,,
K,sulfate,,KCr(SO4)2·6H2O,KCr(SO4)2,6-hydrate,6H2O,solid,,391.3136,,-4006.6,,,,,,,,,,,,,,,,,,,,,,,,,,,101.325,NBS Tables,,,A,,,,,,,,,,,,,,
K,sulfate,,KCr(SO4)2·12H2O,KCr(SO4)2,12-hydrate,12H2O,solid,,499.406,,-5777.3,,,,,,,,,,,,,,,,,,,,,,,,,,,101.325,NBS Tables,,,A,,,,,,,,,,,,,,
K,chloride,,KMgCl3·2H2O,KMgCl3,dihydrate,2H2O,solid,,205.8038,,-1714.2,,,,,,,,,,,,,,,,,,,,,,,,,,,101.325,NBS Tables,,,A,,,,,,,,,,,,,,
K,chloride,carnellite,KMgCl3·6H2O,KMgCl3,6-hydrate,6H2O,solid,,277.8654,,-2945.5,,,,,,,,,,,,,,,,,,,,,,,,,,,101.325,NBS Tables,,,A,,,,,,,,,,,,,,
K,sulfate,,K2Mg(SO4)2·2H2O,K2Mg(SO4)2,dihydrate,2H2O,solid,,330.67,,-3351.4,,,,,,,,,,,,,,,,,,,,,,,,,,,101.325,NBS Tables,,,A,,,,,,,,,,,,,,
K,sulfate,leonite,K2Mg(SO4)2·4H2O,K2Mg(SO4)2,4-hydrate,4H2O,solid,,366.7008,,-3947.6,,,,,,,,,,,,,,,,,,,,,,,,,,,101.325,NBS Tables,,,A,,,,,,,,,,,,,,
K,sulfate,schoenite,K2Mg(SO4)2·6H2O,K2Mg(SO4)2,6-hydrate,6H2O,solid,,402.7316,,-4539.6,,,,,,,,,,,,,,,,,,,,,,,,,,,101.325,NBS Tables,,,A,,,,,,,,,,,,,,
K,sulfate,kainite,KCl·MgSO4·3H2O,KCl·MgSO4,trihydrate,3H2O,solid,,248.9748,,-2640.1,,,,,,,,,,,,,,,,,,,,,,,,,,,101.325,NBS Tables,,,A,,,,,,,,,,,,,,
K,phosphate,,KMgPO4·6H2O,KMgPO4,6-hydrate,6H2O,solid,,266.4778,,,-3240.1,,,,,,,,,,,,,,,,,,,,,,,,,,101.325,NBS Tables,,,A,,,,,,,,,,,,,,
K,sulfate,,K2SO4·CaSO4·H2O,K2SO4·CaSO4,monohydrate,H2O,solid,,328.4226,,-3177.3,,,,,,,,,,,,,,,,,,,,,,,,,,,101.325,NBS Tables,,,A,,,,,,,,,,,,,,
K,sulfate,,K2SO4·5CaSO4·H2O,K2SO4·5CaSO4,monohydrate,H2O,solid,,872.989,,-8823.2,,,,,,,,,,,,,,,,,,,,,,,,,,,101.325,NBS Tables,,,A,,,,,,,,,,,,,,
